rank,neighbourhood_cleansed,configuration,n,n_hosts,positive_n,observed_review_target_share,mean_oof_probability,median_oof_probability,conditional_bootstrap_lower_95,conditional_bootstrap_upper_95,fewer_than_10_positive_listings,fewer_than_10_hosts,scenario,model
1,Melbourne,3BR Apartment/unit,306,139,112,0.3660130718954248,0.3628430791050374,0.3573348200835703,0.3405637835331436,0.38424660680404843,False,False,extended_property_only,logistic
2,Melbourne,2BR Apartment/unit,1235,482,405,0.32793522267206476,0.316351409944377,0.3078752857752449,0.3058015852281426,0.3264050973383675,False,False,extended_property_only,logistic
3,Yarra Ranges,3BR House/townhouse,90,77,27,0.3,0.2849635105829432,0.2943829587890143,0.25857925423126765,0.31517755938930064,False,False,extended_property_only,logistic
4,Melbourne,1BR Apartment/unit,936,435,237,0.2532051282051282,0.26077161818515027,0.2557331568960026,0.252673858049272,0.26953484328527144,False,False,extended_property_only,logistic
5,Yarra Ranges,2BR House/townhouse,51,39,11,0.21568627450980393,0.2552330692864497,0.21788556602162115,0.2008122129029823,0.3217917982564705,False,False,extended_property_only,logistic
6,Yarra,2BR Apartment/unit,102,81,15,0.14705882352941177,0.22738969814622248,0.23022712020613642,0.21284964616989105,0.24293645818011747,False,False,extended_property_only,logistic
7,Yarra,2BR House/townhouse,60,58,14,0.23333333333333334,0.21667298094568094,0.20051427514924716,0.19710881317329837,0.2347175951212541,False,False,extended_property_only,logistic
8,Yarra,1BR Apartment/unit,177,136,39,0.22033898305084745,0.18448704091217868,0.16998013961523015,0.172466520894202,0.19708775523050198,False,False,extended_property_only,logistic
9,Merri-bek,1BR Apartment/unit,54,48,9,0.16666666666666666,0.17065792981132577,0.15033474914306333,0.14498594833664907,0.19868243713918346,True,False,extended_property_only,logistic
10,Port Phillip,3BR House/townhouse,56,43,7,0.125,0.15399584034256206,0.14498342802362868,0.13584712696371015,0.16820655300295825,True,False,extended_property_only,logistic
11,Port Phillip,2BR Apartment/unit,219,171,37,0.1689497716894977,0.1451043815845635,0.13647439741019768,0.13668966589214648,0.1523346531067061,False,False,extended_property_only,logistic
12,Stonnington,2BR Apartment/unit,97,77,8,0.08247422680412371,0.126318905775334,0.12757194999866223,0.11674732504962339,0.13589258635173188,True,False,extended_property_only,logistic
13,Port Phillip,1BR Apartment/unit,305,249,35,0.11475409836065574,0.12243689160951443,0.11177826471099155,0.11412644985180012,0.13009841890286164,False,False,extended_property_only,logistic
14,Stonnington,1BR Apartment/unit,185,132,25,0.13513513513513514,0.11655464564697768,0.11194353516728496,0.10788133186184844,0.12473221090162516,False,False,extended_property_only,logistic
1,Melbourne,3BR Apartment/unit,306,139,112,0.3660130718954248,0.34446739371315926,0.34464947754676833,0.3299681866061428,0.35808914802746844,False,False,extended_property_only,random_forest
2,Melbourne,2BR Apartment/unit,1235,482,405,0.32793522267206476,0.31406928638168957,0.3146999894780464,0.2962597796217897,0.33045190328667384,False,False,extended_property_only,random_forest
3,Yarra Ranges,3BR House/townhouse,90,77,27,0.3,0.27817097571449406,0.28256097485147075,0.260972359942164,0.29345482693609615,False,False,extended_property_only,random_forest
4,Melbourne,1BR Apartment/unit,936,435,237,0.2532051282051282,0.2580340663624268,0.2541123990867675,0.24276587834016614,0.27183005826095624,False,False,extended_property_only,random_forest
5,Yarra Ranges,2BR House/townhouse,51,39,11,0.21568627450980393,0.25129190912968474,0.26756599843935885,0.22702518961699927,0.2767228808137052,False,False,extended_property_only,random_forest
6,Yarra,2BR House/townhouse,60,58,14,0.23333333333333334,0.22361594298885917,0.23005800266411874,0.21283743404584196,0.2348724579326612,False,False,extended_property_only,random_forest
7,Yarra,1BR Apartment/unit,177,136,39,0.22033898305084745,0.21499038117107044,0.20858103745050632,0.20663345144654238,0.224975024185728,False,False,extended_property_only,random_forest
8,Merri-bek,1BR Apartment/unit,54,48,9,0.16666666666666666,0.20384982196490536,0.20282962873717525,0.1940445853094649,0.21500123814573813,True,False,extended_property_only,random_forest
9,Yarra,2BR Apartment/unit,102,81,15,0.14705882352941177,0.1841081642839247,0.1824465685733505,0.17784833306621758,0.19121070110135005,False,False,extended_property_only,random_forest
10,Port Phillip,3BR House/townhouse,56,43,7,0.125,0.1735143233447229,0.16939719862600572,0.1459890309638664,0.19356203274951572,True,False,extended_property_only,random_forest
11,Port Phillip,2BR Apartment/unit,219,171,37,0.1689497716894977,0.14167986073974378,0.13525602058158712,0.13103235815719502,0.15304759211581123,False,False,extended_property_only,random_forest
12,Port Phillip,1BR Apartment/unit,305,249,35,0.11475409836065574,0.12717800336064078,0.12154896953855075,0.1198438383626001,0.13387602437786447,False,False,extended_property_only,random_forest
13,Stonnington,1BR Apartment/unit,185,132,25,0.13513513513513514,0.12603714972069102,0.12546079681922642,0.12031593564949283,0.13230853169217316,False,False,extended_property_only,random_forest
14,Stonnington,2BR Apartment/unit,97,77,8,0.08247422680412371,0.10962233767111365,0.10027045818854945,0.10186114340107542,0.11790339675429487,True,False,extended_property_only,random_forest
1,Melbourne,3BR Apartment/unit,306,139,112,0.3660130718954248,0.34163544194686524,0.31531682255417054,0.30795007955243936,0.36928921670471754,False,False,extended_property_only,hist_gradient_boosting
2,Melbourne,2BR Apartment/unit,1235,482,405,0.32793522267206476,0.31056671432643923,0.29301491692711296,0.2901902207551482,0.3300698462952474,False,False,extended_property_only,hist_gradient_boosting
3,Yarra Ranges,3BR House/townhouse,90,77,27,0.3,0.2646019594641771,0.2569533410098056,0.23445424234084455,0.29165124258698716,False,False,extended_property_only,hist_gradient_boosting
4,Melbourne,1BR Apartment/unit,936,435,237,0.2532051282051282,0.25547890409968865,0.2358550119581176,0.2416985848282069,0.2696675220148108,False,False,extended_property_only,hist_gradient_boosting
5,Yarra,2BR House/townhouse,60,58,14,0.23333333333333334,0.2256308859688754,0.21471669078605854,0.20443240519159672,0.24638612724529385,False,False,extended_property_only,hist_gradient_boosting
6,Yarra,1BR Apartment/unit,177,136,39,0.22033898305084745,0.20478663519144114,0.1985324383421844,0.1920462673042476,0.21995437183807245,False,False,extended_property_only,hist_gradient_boosting
7,Yarra Ranges,2BR House/townhouse,51,39,11,0.21568627450980393,0.2031683382334285,0.19501774193257193,0.16960089918704427,0.24102481761854475,False,False,extended_property_only,hist_gradient_boosting
8,Yarra,2BR Apartment/unit,102,81,15,0.14705882352941177,0.19849151446272614,0.18464101908123132,0.18390826554960166,0.21451155647260586,False,False,extended_property_only,hist_gradient_boosting
9,Merri-bek,1BR Apartment/unit,54,48,9,0.16666666666666666,0.18081178514933285,0.17578129066887577,0.16521949627682309,0.19982209696893125,True,False,extended_property_only,hist_gradient_boosting
10,Port Phillip,3BR House/townhouse,56,43,7,0.125,0.14170724026523512,0.13139751000071453,0.1181438476819803,0.15919642851603166,True,False,extended_property_only,hist_gradient_boosting
11,Port Phillip,1BR Apartment/unit,305,249,35,0.11475409836065574,0.1337451059992652,0.12033116158382527,0.12366437972864384,0.14356747972872083,False,False,extended_property_only,hist_gradient_boosting
12,Port Phillip,2BR Apartment/unit,219,171,37,0.1689497716894977,0.13174710261993167,0.11875811531652954,0.12169863409876572,0.14223249990161294,False,False,extended_property_only,hist_gradient_boosting
13,Stonnington,1BR Apartment/unit,185,132,25,0.13513513513513514,0.11837580308184951,0.10842204096292798,0.11175041798425271,0.1254226302863342,False,False,extended_property_only,hist_gradient_boosting
14,Stonnington,2BR Apartment/unit,97,77,8,0.08247422680412371,0.10982057585817113,0.09189486325857374,0.09847439775401863,0.12225531703518429,True,False,extended_property_only,hist_gradient_boosting
1,Melbourne,3BR Apartment/unit,306,139,112,0.3660130718954248,0.29439822578501373,0.28562007695315583,0.27966247942411626,0.30722180749479344,False,False,extended_property_only,hist_gradient_boosting_sigmoid
2,Melbourne,2BR Apartment/unit,1235,482,405,0.32793522267206476,0.2804928087242179,0.277018185797597,0.27050381837248866,0.2901038226962135,False,False,extended_property_only,hist_gradient_boosting_sigmoid
3,Yarra Ranges,3BR House/townhouse,90,77,27,0.3,0.25747429820773654,0.2659578280547897,0.2424759945015471,0.27074578401468574,False,False,extended_property_only,hist_gradient_boosting_sigmoid
4,Melbourne,1BR Apartment/unit,936,435,237,0.2532051282051282,0.25619881878076606,0.25180796846719067,0.2491552780670411,0.26318229872088794,False,False,extended_property_only,hist_gradient_boosting_sigmoid
5,Yarra,2BR House/townhouse,60,58,14,0.23333333333333334,0.24560388684657272,0.24452507536434376,0.234428505775436,0.2555689222343784,False,False,extended_property_only,hist_gradient_boosting_sigmoid
6,Yarra,1BR Apartment/unit,177,136,39,0.22033898305084745,0.23482629845069664,0.23375011794135894,0.22824729269522195,0.24224594440390876,False,False,extended_property_only,hist_gradient_boosting_sigmoid
7,Yarra Ranges,2BR House/townhouse,51,39,11,0.21568627450980393,0.2312791739603751,0.2390531163890678,0.21301860597349911,0.25118178976932387,False,False,extended_property_only,hist_gradient_boosting_sigmoid
8,Yarra,2BR Apartment/unit,102,81,15,0.14705882352941177,0.23111943627635623,0.22531663371366475,0.22376574638312813,0.23932652380329125,False,False,extended_property_only,hist_gradient_boosting_sigmoid
9,Merri-bek,1BR Apartment/unit,54,48,9,0.16666666666666666,0.22028357528123965,0.2196429777032143,0.21006618639941302,0.2317124049244123,True,False,extended_property_only,hist_gradient_boosting_sigmoid
10,Port Phillip,3BR House/townhouse,56,43,7,0.125,0.20044206940366235,0.19700532163068274,0.1837600018630961,0.2112093618231073,True,False,extended_property_only,hist_gradient_boosting_sigmoid
11,Port Phillip,1BR Apartment/unit,305,249,35,0.11475409836065574,0.19383210597509037,0.18943510094896937,0.1869936535479953,0.19973897806346774,False,False,extended_property_only,hist_gradient_boosting_sigmoid
12,Port Phillip,2BR Apartment/unit,219,171,37,0.1689497716894977,0.19072614820423664,0.18852270119230824,0.18422899235691526,0.1974572567269424,False,False,extended_property_only,hist_gradient_boosting_sigmoid
13,Stonnington,1BR Apartment/unit,185,132,25,0.13513513513513514,0.18423196941451658,0.18066894725035335,0.17893878835422525,0.18973389423392945,False,False,extended_property_only,hist_gradient_boosting_sigmoid
14,Stonnington,2BR Apartment/unit,97,77,8,0.08247422680412371,0.17995583309505497,0.17325850053879865,0.17103462399326055,0.18887631803394042,True,False,extended_property_only,hist_gradient_boosting_sigmoid
1,Melbourne,3BR Apartment/unit,306,139,112,0.3660130718954248,0.3345636873801412,0.2969377330960692,0.2961945812806108,0.3744367476203482,False,False,extended_operating_controls,hist_gradient_boosting
2,Melbourne,2BR Apartment/unit,1235,482,405,0.32793522267206476,0.3218346420289479,0.293544454141012,0.2961542953523593,0.34645614147296827,False,False,extended_operating_controls,hist_gradient_boosting
3,Melbourne,1BR Apartment/unit,936,435,237,0.2532051282051282,0.26571279665932035,0.21725855851663559,0.24182285395317296,0.29446646943606436,False,False,extended_operating_controls,hist_gradient_boosting
4,Yarra Ranges,3BR House/townhouse,90,77,27,0.3,0.2459919632718516,0.22750646361558347,0.21664763634617723,0.2796450832943665,False,False,extended_operating_controls,hist_gradient_boosting
5,Yarra,1BR Apartment/unit,177,136,39,0.22033898305084745,0.23155354365869033,0.19901467494537484,0.20379082506092366,0.2555907597590816,False,False,extended_operating_controls,hist_gradient_boosting
6,Yarra Ranges,2BR House/townhouse,51,39,11,0.21568627450980393,0.20560601745708407,0.1578667932953372,0.17046663708905946,0.2540023971404082,False,False,extended_operating_controls,hist_gradient_boosting
7,Merri-bek,1BR Apartment/unit,54,48,9,0.16666666666666666,0.19443286901519036,0.16178709590559742,0.16024088704183656,0.23129376950679323,True,False,extended_operating_controls,hist_gradient_boosting
8,Yarra,2BR House/townhouse,60,58,14,0.23333333333333334,0.1820326234920316,0.1097084875503041,0.14019007036054995,0.2278498429183656,False,False,extended_operating_controls,hist_gradient_boosting
9,Yarra,2BR Apartment/unit,102,81,15,0.14705882352941177,0.18010293194722202,0.12667458814050164,0.15238976516103458,0.21665646327444005,False,False,extended_operating_controls,hist_gradient_boosting
10,Port Phillip,1BR Apartment/unit,305,249,35,0.11475409836065574,0.1420243453954805,0.1039190802990554,0.12636526478633253,0.15857014185603605,False,False,extended_operating_controls,hist_gradient_boosting
11,Port Phillip,2BR Apartment/unit,219,171,37,0.1689497716894977,0.13719978235565577,0.10389980524137865,0.12009486136636675,0.154054397817683,False,False,extended_operating_controls,hist_gradient_boosting
12,Port Phillip,3BR House/townhouse,56,43,7,0.125,0.13114615582778613,0.11909869783120264,0.09594117682928457,0.15965076974866804,True,False,extended_operating_controls,hist_gradient_boosting
13,Stonnington,1BR Apartment/unit,185,132,25,0.13513513513513514,0.12655898583628053,0.10721339369061161,0.11087572480769246,0.14013205889668615,False,False,extended_operating_controls,hist_gradient_boosting
14,Stonnington,2BR Apartment/unit,97,77,8,0.08247422680412371,0.10601229479035192,0.07309260043556014,0.0855465063745118,0.12939409181411235,True,False,extended_operating_controls,hist_gradient_boosting
1,Melbourne,3BR Apartment/unit,306,139,112,0.3660130718954248,0.30579625936167476,0.2819845680721177,0.2807469497439821,0.33342951763650874,False,False,extended_operating_controls,hist_gradient_boosting_sigmoid
2,Melbourne,2BR Apartment/unit,1235,482,405,0.32793522267206476,0.2976107492527167,0.28472888160836046,0.2786489771672099,0.3150592380161913,False,False,extended_operating_controls,hist_gradient_boosting_sigmoid
3,Melbourne,1BR Apartment/unit,936,435,237,0.2532051282051282,0.25832948764169356,0.23319568570094212,0.24066162070900948,0.27997666159524237,False,False,extended_operating_controls,hist_gradient_boosting_sigmoid
4,Yarra Ranges,3BR House/townhouse,90,77,27,0.3,0.24671865258712364,0.23997914850302438,0.22555810649122543,0.27169949892358325,False,False,extended_operating_controls,hist_gradient_boosting_sigmoid
5,Yarra,1BR Apartment/unit,177,136,39,0.22033898305084745,0.23351461958104086,0.2222878971416268,0.21418234359708918,0.2513715958601281,False,False,extended_operating_controls,hist_gradient_boosting_sigmoid
6,Yarra Ranges,2BR House/townhouse,51,39,11,0.21568627450980393,0.2175885744144018,0.18995403597544938,0.19048610227105672,0.25494709105414626,False,False,extended_operating_controls,hist_gradient_boosting_sigmoid
7,Merri-bek,1BR Apartment/unit,54,48,9,0.16666666666666666,0.2076075364585634,0.1940117618649515,0.18188988980807186,0.23554382137524654,True,False,extended_operating_controls,hist_gradient_boosting_sigmoid
8,Yarra,2BR House/townhouse,60,58,14,0.23333333333333334,0.19288517845823838,0.1449493243224752,0.1618473875857165,0.22712971790826947,False,False,extended_operating_controls,hist_gradient_boosting_sigmoid
9,Yarra,2BR Apartment/unit,102,81,15,0.14705882352941177,0.19255455271715974,0.15901095972264712,0.1726600909866874,0.22016761928621367,False,False,extended_operating_controls,hist_gradient_boosting_sigmoid
10,Port Phillip,1BR Apartment/unit,305,249,35,0.11475409836065574,0.164186660517673,0.143381992929972,0.1513805154151835,0.17766418137352913,False,False,extended_operating_controls,hist_gradient_boosting_sigmoid
11,Port Phillip,2BR Apartment/unit,219,171,37,0.1689497716894977,0.15988550949837713,0.14179526884585772,0.14649785814168825,0.17336914959265654,False,False,extended_operating_controls,hist_gradient_boosting_sigmoid
12,Port Phillip,3BR House/townhouse,56,43,7,0.125,0.15729877572658754,0.15353499087864797,0.12454138453081842,0.18091549172503998,True,False,extended_operating_controls,hist_gradient_boosting_sigmoid
13,Stonnington,1BR Apartment/unit,185,132,25,0.13513513513513514,0.1535646427778803,0.14412473947458185,0.13952517235712034,0.16526303677735535,False,False,extended_operating_controls,hist_gradient_boosting_sigmoid
14,Stonnington,2BR Apartment/unit,97,77,8,0.08247422680412371,0.1352674627972271,0.11518912665035955,0.1175249639219611,0.15455364457400178,True,False,extended_operating_controls,hist_gradient_boosting_sigmoid
