lga,dwelling_class,bedrooms,n_listings,n_hosts,n_at_least_22,n_zero_reviews,reviews_p25,reviews_median,reviews_p75,reviews_p90,observed_rate_22,ci90_lo,ci90_hi,scope,review_threshold,interval_method,rank_observed_rate,rank_within_bedrooms
Melbourne,Apartment/unit,1,1782,812,507,257,2,11,24,40,0.284511784511785,0.247459653073546,0.326272581961383,"Standard entire homes, 1-3 bedrooms, price AUD30-1500, segment n>=50",22,"Host-cluster percentile bootstrap, 1000 draws, pointwise 90%",6,1
Yarra,Apartment/unit,1,314,240,85,36,4.25,14,23,36.4,0.270700636942675,0.227118644067797,0.319753581190784,"Standard entire homes, 1-3 bedrooms, price AUD30-1500, segment n>=50",22,"Host-cluster percentile bootstrap, 1000 draws, pointwise 90%",8,2
Merri-bek,Apartment/unit,1,105,93,20,17,3,7,18,33,0.19047619047619,0.125,0.260458896396396,"Standard entire homes, 1-3 bedrooms, price AUD30-1500, segment n>=50",22,"Host-cluster percentile bootstrap, 1000 draws, pointwise 90%",15,3
Stonnington,Apartment/unit,1,307,223,55,40,3,8,18,29,0.179153094462541,0.139678932178932,0.220003236245955,"Standard entire homes, 1-3 bedrooms, price AUD30-1500, segment n>=50",22,"Host-cluster percentile bootstrap, 1000 draws, pointwise 90%",17,4
Port Phillip,Apartment/unit,1,614,480,98,142,1,6,16,26,0.159609120521173,0.133884297520661,0.186780577082559,"Standard entire homes, 1-3 bedrooms, price AUD30-1500, segment n>=50",22,"Host-cluster percentile bootstrap, 1000 draws, pointwise 90%",21,5
Whitehorse,Apartment/unit,1,56,33,7,17,0,4,11,25,0.125,0.0327868852459016,0.233368794326241,"Standard entire homes, 1-3 bedrooms, price AUD30-1500, segment n>=50",22,"Host-cluster percentile bootstrap, 1000 draws, pointwise 90%",24,6
Darebin,Apartment/unit,1,53,51,6,14,0,7,15,24.2,0.113207547169811,0.0544967532467533,0.188679245283019,"Standard entire homes, 1-3 bedrooms, price AUD30-1500, segment n>=50",22,"Host-cluster percentile bootstrap, 1000 draws, pointwise 90%",26,7
Yarra Ranges,House/townhouse,2,87,71,30,8,5,15,29,47,0.344827586206897,0.255555555555556,0.441919340594642,"Standard entire homes, 1-3 bedrooms, price AUD30-1500, segment n>=50",22,"Host-cluster percentile bootstrap, 1000 draws, pointwise 90%",3,1
Yarra,House/townhouse,2,99,93,32,12,3,10,26.5,38.2,0.323232323232323,0.247524752475248,0.398061224489796,"Standard entire homes, 1-3 bedrooms, price AUD30-1500, segment n>=50",22,"Host-cluster percentile bootstrap, 1000 draws, pointwise 90%",4,2
Melbourne,Apartment/unit,2,2648,1049,853,347,3,11,27,46,0.322129909365559,0.282024246896681,0.359334582383763,"Standard entire homes, 1-3 bedrooms, price AUD30-1500, segment n>=50",22,"Host-cluster percentile bootstrap, 1000 draws, pointwise 90%",5,3
Yarra,Apartment/unit,2,224,172,61,27,3,11,23,33,0.272321428571429,0.217391304347826,0.327518349902444,"Standard entire homes, 1-3 bedrooms, price AUD30-1500, segment n>=50",22,"Host-cluster percentile bootstrap, 1000 draws, pointwise 90%",7,4
Merri-bek,House/townhouse,2,51,50,12,11,2,7,20.5,36,0.235294117647059,0.14,0.346153846153846,"Standard entire homes, 1-3 bedrooms, price AUD30-1500, segment n>=50",22,"Host-cluster percentile bootstrap, 1000 draws, pointwise 90%",9,5
Maribyrnong,Apartment/unit,2,58,48,13,10,1.25,10.5,18.5,36.5,0.224137931034483,0.122701149425287,0.33872334609076,"Standard entire homes, 1-3 bedrooms, price AUD30-1500, segment n>=50",22,"Host-cluster percentile bootstrap, 1000 draws, pointwise 90%",11,6
Merri-bek,Apartment/unit,2,67,65,15,12,1.5,9,18,30.4,0.223880597014925,0.147058823529412,0.308823529411765,"Standard entire homes, 1-3 bedrooms, price AUD30-1500, segment n>=50",22,"Host-cluster percentile bootstrap, 1000 draws, pointwise 90%",12,7
Port Phillip,Apartment/unit,2,457,325,84,112,1,5,16,29,0.183807439824945,0.131160353161685,0.24711033417351,"Standard entire homes, 1-3 bedrooms, price AUD30-1500, segment n>=50",22,"Host-cluster percentile bootstrap, 1000 draws, pointwise 90%",16,8
Glen Eira,Apartment/unit,2,63,43,11,8,4,11,14,28,0.174603174603175,0.0957193515704154,0.285714285714286,"Standard entire homes, 1-3 bedrooms, price AUD30-1500, segment n>=50",22,"Host-cluster percentile bootstrap, 1000 draws, pointwise 90%",18,9
Moonee Valley,Apartment/unit,2,65,48,11,16,1,5,14,24,0.169230769230769,0.0898708703672648,0.28,"Standard entire homes, 1-3 bedrooms, price AUD30-1500, segment n>=50",22,"Host-cluster percentile bootstrap, 1000 draws, pointwise 90%",19,10
Boroondara,Apartment/unit,2,78,65,13,18,1,6,15,27.3,0.166666666666667,0.0882352941176471,0.241003574738514,"Standard entire homes, 1-3 bedrooms, price AUD30-1500, segment n>=50",22,"Host-cluster percentile bootstrap, 1000 draws, pointwise 90%",20,11
Stonnington,Apartment/unit,2,193,153,23,38,1,7,15,23.8,0.119170984455959,0.0813267813267813,0.161643461643462,"Standard entire homes, 1-3 bedrooms, price AUD30-1500, segment n>=50",22,"Host-cluster percentile bootstrap, 1000 draws, pointwise 90%",25,12
Monash,Apartment/unit,2,66,49,7,9,2,6,16.75,23,0.106060606060606,0.0493725966403562,0.183397435897436,"Standard entire homes, 1-3 bedrooms, price AUD30-1500, segment n>=50",22,"Host-cluster percentile bootstrap, 1000 draws, pointwise 90%",28,13
Port Phillip,House/townhouse,2,85,81,9,25,0,3,11,21.6,0.105882352941176,0.0476190476190476,0.166666666666667,"Standard entire homes, 1-3 bedrooms, price AUD30-1500, segment n>=50",22,"Host-cluster percentile bootstrap, 1000 draws, pointwise 90%",30,14
Whitehorse,Apartment/unit,2,98,67,8,20,1,3,10.75,19,0.0816326530612245,0.0408163265306122,0.13,"Standard entire homes, 1-3 bedrooms, price AUD30-1500, segment n>=50",22,"Host-cluster percentile bootstrap, 1000 draws, pointwise 90%",31,15
Maribyrnong,House/townhouse,2,50,47,4,11,1,3,11.75,19.1,0.08,0.0204081632653061,0.142987012987013,"Standard entire homes, 1-3 bedrooms, price AUD30-1500, segment n>=50",22,"Host-cluster percentile bootstrap, 1000 draws, pointwise 90%",32,16
Melbourne,Apartment/unit,3,543,249,216,53,4,15,31,60.8,0.397790055248619,0.325651162534718,0.46573165599876,"Standard entire homes, 1-3 bedrooms, price AUD30-1500, segment n>=50",22,"Host-cluster percentile bootstrap, 1000 draws, pointwise 90%",1,1
Yarra Ranges,House/townhouse,3,137,116,49,16,3,12,29,40,0.357664233576642,0.287543699650403,0.4375,"Standard entire homes, 1-3 bedrooms, price AUD30-1500, segment n>=50",22,"Host-cluster percentile bootstrap, 1000 draws, pointwise 90%",2,2
Maribyrnong,House/townhouse,3,53,39,12,7,3,8,17,30,0.226415094339623,0.137254901960784,0.333333333333333,"Standard entire homes, 1-3 bedrooms, price AUD30-1500, segment n>=50",22,"Host-cluster percentile bootstrap, 1000 draws, pointwise 90%",10,3
Yarra,House/townhouse,3,87,76,18,19,1,7,17.5,33,0.206896551724138,0.137852664576803,0.282352941176471,"Standard entire homes, 1-3 bedrooms, price AUD30-1500, segment n>=50",22,"Host-cluster percentile bootstrap, 1000 draws, pointwise 90%",13,4
Port Phillip,Apartment/unit,3,56,43,11,6,3,8,18,27.5,0.196428571428571,0.109090909090909,0.298427672955975,"Standard entire homes, 1-3 bedrooms, price AUD30-1500, segment n>=50",22,"Host-cluster percentile bootstrap, 1000 draws, pointwise 90%",14,5
Port Phillip,House/townhouse,3,123,95,17,34,0,3,13,26,0.138211382113821,0.0862068965517242,0.196616082330368,"Standard entire homes, 1-3 bedrooms, price AUD30-1500, segment n>=50",22,"Host-cluster percentile bootstrap, 1000 draws, pointwise 90%",22,6
Merri-bek,House/townhouse,3,52,50,7,12,1,7.5,17.5,24.9,0.134615384615385,0.0588235294117647,0.215686274509804,"Standard entire homes, 1-3 bedrooms, price AUD30-1500, segment n>=50",22,"Host-cluster percentile bootstrap, 1000 draws, pointwise 90%",23,7
Wyndham,House/townhouse,3,62,56,7,16,0.25,6,12,21.9,0.112903225806452,0.0483870967741936,0.17741935483871,"Standard entire homes, 1-3 bedrooms, price AUD30-1500, segment n>=50",22,"Host-cluster percentile bootstrap, 1000 draws, pointwise 90%",27,8
Stonnington,House/townhouse,3,66,56,7,16,1,3,11,21.5,0.106060606060606,0.0428571428571429,0.171976902173913,"Standard entire homes, 1-3 bedrooms, price AUD30-1500, segment n>=50",22,"Host-cluster percentile bootstrap, 1000 draws, pointwise 90%",28,9
Casey,House/townhouse,3,54,48,4,9,1,3,8.75,17,0.0740740740740741,0.0192307692307692,0.135676304420073,"Standard entire homes, 1-3 bedrooms, price AUD30-1500, segment n>=50",22,"Host-cluster percentile bootstrap, 1000 draws, pointwise 90%",33,10
Monash,House/townhouse,3,57,43,2,16,0,4,9,15.8,0.0350877192982456,0,0.08,"Standard entire homes, 1-3 bedrooms, price AUD30-1500, segment n>=50",22,"Host-cluster percentile bootstrap, 1000 draws, pointwise 90%",34,11
Bayside,House/townhouse,3,57,47,1,17,0,2,4,10.4,0.0175438596491228,0,0.0555555555555556,"Standard entire homes, 1-3 bedrooms, price AUD30-1500, segment n>=50",22,"Host-cluster percentile bootstrap, 1000 draws, pointwise 90%",35,12
