lga,broad_class,bedrooms,n_listings,n_hosts,n_meeting_target,n_zero_reviews,observed_target_rate,reviews_p75,stage,eligible_n50,rank_observed_rate,review_target,broad_class_definition,shared_scope
Kingston,Other entire-home types,1,1,1,1,0,1,33,After four-type whitelist,FALSE,,30,Every other entire-home property type,"Established history, price AUD30-1500, non-benchmark hosts; n>=50 recomputed by stage"
Manningham,Apartment-like,1,1,1,1,0,1,55,After four-type whitelist,FALSE,,30,"Entire rental unit, condo, serviced apartment or loft","Established history, price AUD30-1500, non-benchmark hosts; n>=50 recomputed by stage"
Maroondah,Apartment-like,1,1,1,1,0,1,51,After four-type whitelist,FALSE,,30,"Entire rental unit, condo, serviced apartment or loft","Established history, price AUD30-1500, non-benchmark hosts; n>=50 recomputed by stage"
Melton,Other entire-home types,1,1,1,1,0,1,43,After four-type whitelist,FALSE,,30,Every other entire-home property type,"Established history, price AUD30-1500, non-benchmark hosts; n>=50 recomputed by stage"
Darebin,Apartment-like,3,5,3,3,0,0.6,34,After four-type whitelist,FALSE,,30,"Entire rental unit, condo, serviced apartment or loft","Established history, price AUD30-1500, non-benchmark hosts; n>=50 recomputed by stage"
Cardinia,Other entire-home types,2,2,2,1,0,0.5,41.5,After four-type whitelist,FALSE,,30,Every other entire-home property type,"Established history, price AUD30-1500, non-benchmark hosts; n>=50 recomputed by stage"
Hobsons Bay,Other entire-home types,1,2,2,1,0,0.5,36,After four-type whitelist,FALSE,,30,Every other entire-home property type,"Established history, price AUD30-1500, non-benchmark hosts; n>=50 recomputed by stage"
Knox,Other entire-home types,1,2,2,1,1,0.5,22.5,After four-type whitelist,FALSE,,30,Every other entire-home property type,"Established history, price AUD30-1500, non-benchmark hosts; n>=50 recomputed by stage"
Yarra,Other entire-home types,1,15,14,7,1,0.466666666666667,39.5,After four-type whitelist,FALSE,,30,Every other entire-home property type,"Established history, price AUD30-1500, non-benchmark hosts; n>=50 recomputed by stage"
Melbourne,Apartment-like,3,306,139,112,11,0.366013071895425,35,After four-type whitelist,TRUE,1,30,"Entire rental unit, condo, serviced apartment or loft","Established history, price AUD30-1500, non-benchmark hosts; n>=50 recomputed by stage"
Yarra Ranges,Other entire-home types,1,22,18,8,3,0.363636363636364,39.75,After four-type whitelist,FALSE,,30,Every other entire-home property type,"Established history, price AUD30-1500, non-benchmark hosts; n>=50 recomputed by stage"
Brimbank,Other entire-home types,1,3,2,1,0,0.333333333333333,30,After four-type whitelist,FALSE,,30,Every other entire-home property type,"Established history, price AUD30-1500, non-benchmark hosts; n>=50 recomputed by stage"
Cardinia,Apartment-like,2,3,3,1,0,0.333333333333333,34,After four-type whitelist,FALSE,,30,"Entire rental unit, condo, serviced apartment or loft","Established history, price AUD30-1500, non-benchmark hosts; n>=50 recomputed by stage"
Nillumbik,Other entire-home types,1,3,3,1,0,0.333333333333333,36.5,After four-type whitelist,FALSE,,30,Every other entire-home property type,"Established history, price AUD30-1500, non-benchmark hosts; n>=50 recomputed by stage"
Nillumbik,Other entire-home types,2,3,2,1,0,0.333333333333333,38,After four-type whitelist,FALSE,,30,Every other entire-home property type,"Established history, price AUD30-1500, non-benchmark hosts; n>=50 recomputed by stage"
Wyndham,Other entire-home types,2,3,3,1,1,0.333333333333333,24,After four-type whitelist,FALSE,,30,Every other entire-home property type,"Established history, price AUD30-1500, non-benchmark hosts; n>=50 recomputed by stage"
Melbourne,Apartment-like,2,1235,482,405,111,0.327935222672065,37,After four-type whitelist,TRUE,2,30,"Entire rental unit, condo, serviced apartment or loft","Established history, price AUD30-1500, non-benchmark hosts; n>=50 recomputed by stage"
Hume,Other entire-home types,2,10,8,3,0,0.3,33.5,After four-type whitelist,FALSE,,30,Every other entire-home property type,"Established history, price AUD30-1500, non-benchmark hosts; n>=50 recomputed by stage"
Yarra Ranges,Other entire-home types,3,90,77,27,3,0.3,30,After four-type whitelist,TRUE,3,30,Every other entire-home property type,"Established history, price AUD30-1500, non-benchmark hosts; n>=50 recomputed by stage"
Brimbank,Apartment-like,1,7,5,2,0,0.285714285714286,22,After four-type whitelist,FALSE,,30,"Entire rental unit, condo, serviced apartment or loft","Established history, price AUD30-1500, non-benchmark hosts; n>=50 recomputed by stage"
Melbourne,Other entire-home types,2,14,14,4,1,0.285714285714286,33.25,After four-type whitelist,FALSE,,30,Every other entire-home property type,"Established history, price AUD30-1500, non-benchmark hosts; n>=50 recomputed by stage"
Merri-bek,Other entire-home types,1,7,7,2,0,0.285714285714286,32,After four-type whitelist,FALSE,,30,Every other entire-home property type,"Established history, price AUD30-1500, non-benchmark hosts; n>=50 recomputed by stage"
Yarra Ranges,Apartment-like,1,26,15,7,1,0.269230769230769,28.5,After four-type whitelist,FALSE,,30,"Entire rental unit, condo, serviced apartment or loft","Established history, price AUD30-1500, non-benchmark hosts; n>=50 recomputed by stage"
Melbourne,Apartment-like,1,936,435,237,67,0.253205128205128,30,After four-type whitelist,TRUE,4,30,"Entire rental unit, condo, serviced apartment or loft","Established history, price AUD30-1500, non-benchmark hosts; n>=50 recomputed by stage"
Boroondara,Apartment-like,3,4,4,1,0,0.25,30.25,After four-type whitelist,FALSE,,30,"Entire rental unit, condo, serviced apartment or loft","Established history, price AUD30-1500, non-benchmark hosts; n>=50 recomputed by stage"
Brimbank,Apartment-like,2,4,2,1,1,0.25,19.25,After four-type whitelist,FALSE,,30,"Entire rental unit, condo, serviced apartment or loft","Established history, price AUD30-1500, non-benchmark hosts; n>=50 recomputed by stage"
Maribyrnong,Apartment-like,2,32,28,8,4,0.25,27.75,After four-type whitelist,FALSE,,30,"Entire rental unit, condo, serviced apartment or loft","Established history, price AUD30-1500, non-benchmark hosts; n>=50 recomputed by stage"
Melton,Apartment-like,1,4,2,1,1,0.25,12,After four-type whitelist,FALSE,,30,"Entire rental unit, condo, serviced apartment or loft","Established history, price AUD30-1500, non-benchmark hosts; n>=50 recomputed by stage"
Yarra,Other entire-home types,2,60,58,14,7,0.233333333333333,28.25,After four-type whitelist,TRUE,5,30,Every other entire-home property type,"Established history, price AUD30-1500, non-benchmark hosts; n>=50 recomputed by stage"
Merri-bek,Other entire-home types,2,26,26,6,7,0.230769230769231,26.75,After four-type whitelist,FALSE,,30,Every other entire-home property type,"Established history, price AUD30-1500, non-benchmark hosts; n>=50 recomputed by stage"
Stonnington,Apartment-like,3,9,8,2,0,0.222222222222222,15,After four-type whitelist,FALSE,,30,"Entire rental unit, condo, serviced apartment or loft","Established history, price AUD30-1500, non-benchmark hosts; n>=50 recomputed by stage"
Yarra,Apartment-like,1,177,136,39,11,0.220338983050847,27,After four-type whitelist,TRUE,6,30,"Entire rental unit, condo, serviced apartment or loft","Established history, price AUD30-1500, non-benchmark hosts; n>=50 recomputed by stage"
Yarra Ranges,Other entire-home types,2,51,39,11,1,0.215686274509804,26,After four-type whitelist,TRUE,7,30,Every other entire-home property type,"Established history, price AUD30-1500, non-benchmark hosts; n>=50 recomputed by stage"
Hume,Other entire-home types,3,19,18,4,0,0.210526315789474,27.5,After four-type whitelist,FALSE,,30,Every other entire-home property type,"Established history, price AUD30-1500, non-benchmark hosts; n>=50 recomputed by stage"
Hobsons Bay,Other entire-home types,2,10,9,2,0,0.2,28.75,After four-type whitelist,FALSE,,30,Every other entire-home property type,"Established history, price AUD30-1500, non-benchmark hosts; n>=50 recomputed by stage"
Port Phillip,Other entire-home types,1,10,10,2,0,0.2,25.25,After four-type whitelist,FALSE,,30,Every other entire-home property type,"Established history, price AUD30-1500, non-benchmark hosts; n>=50 recomputed by stage"
Yarra,Other entire-home types,3,40,35,8,5,0.2,24.5,After four-type whitelist,FALSE,,30,Every other entire-home property type,"Established history, price AUD30-1500, non-benchmark hosts; n>=50 recomputed by stage"
Merri-bek,Apartment-like,2,32,32,6,3,0.1875,27.25,After four-type whitelist,FALSE,,30,"Entire rental unit, condo, serviced apartment or loft","Established history, price AUD30-1500, non-benchmark hosts; n>=50 recomputed by stage"
Darebin,Apartment-like,1,22,21,4,7,0.181818181818182,19.75,After four-type whitelist,FALSE,,30,"Entire rental unit, condo, serviced apartment or loft","Established history, price AUD30-1500, non-benchmark hosts; n>=50 recomputed by stage"
Maroondah,Other entire-home types,2,11,9,2,1,0.181818181818182,26,After four-type whitelist,FALSE,,30,Every other entire-home property type,"Established history, price AUD30-1500, non-benchmark hosts; n>=50 recomputed by stage"
Port Phillip,Apartment-like,2,219,171,37,25,0.168949771689498,23,After four-type whitelist,TRUE,8,30,"Entire rental unit, condo, serviced apartment or loft","Established history, price AUD30-1500, non-benchmark hosts; n>=50 recomputed by stage"
Merri-bek,Apartment-like,1,54,48,9,5,0.166666666666667,22,After four-type whitelist,TRUE,9,30,"Entire rental unit, condo, serviced apartment or loft","Established history, price AUD30-1500, non-benchmark hosts; n>=50 recomputed by stage"
Monash,Other entire-home types,2,6,6,1,1,0.166666666666667,22.5,After four-type whitelist,FALSE,,30,Every other entire-home property type,"Established history, price AUD30-1500, non-benchmark hosts; n>=50 recomputed by stage"
Nillumbik,Other entire-home types,3,6,6,1,0,0.166666666666667,24.75,After four-type whitelist,FALSE,,30,Every other entire-home property type,"Established history, price AUD30-1500, non-benchmark hosts; n>=50 recomputed by stage"
Melbourne,Other entire-home types,3,13,13,2,1,0.153846153846154,19,After four-type whitelist,FALSE,,30,Every other entire-home property type,"Established history, price AUD30-1500, non-benchmark hosts; n>=50 recomputed by stage"
Yarra,Apartment-like,3,20,17,3,1,0.15,23.25,After four-type whitelist,FALSE,,30,"Entire rental unit, condo, serviced apartment or loft","Established history, price AUD30-1500, non-benchmark hosts; n>=50 recomputed by stage"
Yarra,Apartment-like,2,102,81,15,8,0.147058823529412,25,After four-type whitelist,TRUE,10,30,"Entire rental unit, condo, serviced apartment or loft","Established history, price AUD30-1500, non-benchmark hosts; n>=50 recomputed by stage"
Boroondara,Other entire-home types,2,14,13,2,1,0.142857142857143,25.25,After four-type whitelist,FALSE,,30,Every other entire-home property type,"Established history, price AUD30-1500, non-benchmark hosts; n>=50 recomputed by stage"
Kingston,Apartment-like,1,14,13,2,2,0.142857142857143,23.75,After four-type whitelist,FALSE,,30,"Entire rental unit, condo, serviced apartment or loft","Established history, price AUD30-1500, non-benchmark hosts; n>=50 recomputed by stage"
Whitehorse,Apartment-like,1,21,12,3,5,0.142857142857143,12,After four-type whitelist,FALSE,,30,"Entire rental unit, condo, serviced apartment or loft","Established history, price AUD30-1500, non-benchmark hosts; n>=50 recomputed by stage"
Maribyrnong,Other entire-home types,2,29,26,4,4,0.137931034482759,18,After four-type whitelist,FALSE,,30,Every other entire-home property type,"Established history, price AUD30-1500, non-benchmark hosts; n>=50 recomputed by stage"
Kingston,Other entire-home types,3,22,19,3,5,0.136363636363636,23.5,After four-type whitelist,FALSE,,30,Every other entire-home property type,"Established history, price AUD30-1500, non-benchmark hosts; n>=50 recomputed by stage"
Stonnington,Apartment-like,1,185,132,25,15,0.135135135135135,20,After four-type whitelist,TRUE,11,30,"Entire rental unit, condo, serviced apartment or loft","Established history, price AUD30-1500, non-benchmark hosts; n>=50 recomputed by stage"
Banyule,Apartment-like,1,8,6,1,0,0.125,15.75,After four-type whitelist,FALSE,,30,"Entire rental unit, condo, serviced apartment or loft","Established history, price AUD30-1500, non-benchmark hosts; n>=50 recomputed by stage"
Monash,Apartment-like,2,32,28,4,2,0.125,20.25,After four-type whitelist,FALSE,,30,"Entire rental unit, condo, serviced apartment or loft","Established history, price AUD30-1500, non-benchmark hosts; n>=50 recomputed by stage"
Moonee Valley,Apartment-like,2,24,24,3,2,0.125,24,After four-type whitelist,FALSE,,30,"Entire rental unit, condo, serviced apartment or loft","Established history, price AUD30-1500, non-benchmark hosts; n>=50 recomputed by stage"
Port Phillip,Other entire-home types,3,56,43,7,8,0.125,18,After four-type whitelist,TRUE,12,30,Every other entire-home property type,"Established history, price AUD30-1500, non-benchmark hosts; n>=50 recomputed by stage"
Boroondara,Other entire-home types,3,17,17,2,2,0.117647058823529,16,After four-type whitelist,FALSE,,30,Every other entire-home property type,"Established history, price AUD30-1500, non-benchmark hosts; n>=50 recomputed by stage"
Moonee Valley,Apartment-like,1,17,17,2,4,0.117647058823529,17,After four-type whitelist,FALSE,,30,"Entire rental unit, condo, serviced apartment or loft","Established history, price AUD30-1500, non-benchmark hosts; n>=50 recomputed by stage"
Stonnington,Other entire-home types,3,34,31,4,4,0.117647058823529,17.75,After four-type whitelist,FALSE,,30,Every other entire-home property type,"Established history, price AUD30-1500, non-benchmark hosts; n>=50 recomputed by stage"
Port Phillip,Apartment-like,1,305,249,35,45,0.114754098360656,19,After four-type whitelist,TRUE,13,30,"Entire rental unit, condo, serviced apartment or loft","Established history, price AUD30-1500, non-benchmark hosts; n>=50 recomputed by stage"
Banyule,Apartment-like,2,9,8,1,0,0.111111111111111,24,After four-type whitelist,FALSE,,30,"Entire rental unit, condo, serviced apartment or loft","Established history, price AUD30-1500, non-benchmark hosts; n>=50 recomputed by stage"
Frankston,Other entire-home types,2,9,9,1,2,0.111111111111111,23,After four-type whitelist,FALSE,,30,Every other entire-home property type,"Established history, price AUD30-1500, non-benchmark hosts; n>=50 recomputed by stage"
Frankston,Other entire-home types,3,18,18,2,1,0.111111111111111,12,After four-type whitelist,FALSE,,30,Every other entire-home property type,"Established history, price AUD30-1500, non-benchmark hosts; n>=50 recomputed by stage"
Port Phillip,Apartment-like,3,27,24,3,1,0.111111111111111,21,After four-type whitelist,FALSE,,30,"Entire rental unit, condo, serviced apartment or loft","Established history, price AUD30-1500, non-benchmark hosts; n>=50 recomputed by stage"
Port Phillip,Other entire-home types,2,46,45,5,11,0.108695652173913,13.5,After four-type whitelist,FALSE,,30,Every other entire-home property type,"Established history, price AUD30-1500, non-benchmark hosts; n>=50 recomputed by stage"
Casey,Other entire-home types,3,19,16,2,1,0.105263157894737,16.5,After four-type whitelist,FALSE,,30,Every other entire-home property type,"Established history, price AUD30-1500, non-benchmark hosts; n>=50 recomputed by stage"
Hobsons Bay,Apartment-like,1,19,10,2,3,0.105263157894737,18,After four-type whitelist,FALSE,,30,"Entire rental unit, condo, serviced apartment or loft","Established history, price AUD30-1500, non-benchmark hosts; n>=50 recomputed by stage"
Moonee Valley,Other entire-home types,3,19,18,2,3,0.105263157894737,12,After four-type whitelist,FALSE,,30,Every other entire-home property type,"Established history, price AUD30-1500, non-benchmark hosts; n>=50 recomputed by stage"
Cardinia,Other entire-home types,3,10,10,1,1,0.1,14,After four-type whitelist,FALSE,,30,Every other entire-home property type,"Established history, price AUD30-1500, non-benchmark hosts; n>=50 recomputed by stage"
Kingston,Other entire-home types,2,20,15,2,1,0.1,12.5,After four-type whitelist,FALSE,,30,Every other entire-home property type,"Established history, price AUD30-1500, non-benchmark hosts; n>=50 recomputed by stage"
Manningham,Apartment-like,2,10,9,1,0,0.1,15.75,After four-type whitelist,FALSE,,30,"Entire rental unit, condo, serviced apartment or loft","Established history, price AUD30-1500, non-benchmark hosts; n>=50 recomputed by stage"
Glen Eira,Apartment-like,2,41,26,4,0,0.0975609756097561,18,After four-type whitelist,FALSE,,30,"Entire rental unit, condo, serviced apartment or loft","Established history, price AUD30-1500, non-benchmark hosts; n>=50 recomputed by stage"
Maribyrnong,Other entire-home types,3,31,19,3,4,0.0967741935483871,22,After four-type whitelist,FALSE,,30,Every other entire-home property type,"Established history, price AUD30-1500, non-benchmark hosts; n>=50 recomputed by stage"
Boroondara,Apartment-like,2,32,30,3,3,0.09375,22,After four-type whitelist,FALSE,,30,"Entire rental unit, condo, serviced apartment or loft","Established history, price AUD30-1500, non-benchmark hosts; n>=50 recomputed by stage"
Bayside,Apartment-like,1,22,21,2,3,0.0909090909090909,16.75,After four-type whitelist,FALSE,,30,"Entire rental unit, condo, serviced apartment or loft","Established history, price AUD30-1500, non-benchmark hosts; n>=50 recomputed by stage"
Frankston,Apartment-like,1,11,8,1,2,0.0909090909090909,19.5,After four-type whitelist,FALSE,,30,"Entire rental unit, condo, serviced apartment or loft","Established history, price AUD30-1500, non-benchmark hosts; n>=50 recomputed by stage"
Glen Eira,Apartment-like,1,22,21,2,2,0.0909090909090909,11,After four-type whitelist,FALSE,,30,"Entire rental unit, condo, serviced apartment or loft","Established history, price AUD30-1500, non-benchmark hosts; n>=50 recomputed by stage"
Maribyrnong,Apartment-like,1,23,20,2,2,0.0869565217391304,19.5,After four-type whitelist,FALSE,,30,"Entire rental unit, condo, serviced apartment or loft","Established history, price AUD30-1500, non-benchmark hosts; n>=50 recomputed by stage"
Merri-bek,Other entire-home types,3,23,21,2,2,0.0869565217391304,20.5,After four-type whitelist,FALSE,,30,Every other entire-home property type,"Established history, price AUD30-1500, non-benchmark hosts; n>=50 recomputed by stage"
Stonnington,Apartment-like,2,97,77,8,17,0.0824742268041237,17,After four-type whitelist,TRUE,14,30,"Entire rental unit, condo, serviced apartment or loft","Established history, price AUD30-1500, non-benchmark hosts; n>=50 recomputed by stage"
Hobsons Bay,Apartment-like,2,13,9,1,0,0.0769230769230769,20,After four-type whitelist,FALSE,,30,"Entire rental unit, condo, serviced apartment or loft","Established history, price AUD30-1500, non-benchmark hosts; n>=50 recomputed by stage"
Yarra Ranges,Apartment-like,2,13,11,1,2,0.0769230769230769,19,After four-type whitelist,FALSE,,30,"Entire rental unit, condo, serviced apartment or loft","Established history, price AUD30-1500, non-benchmark hosts; n>=50 recomputed by stage"
Boroondara,Apartment-like,1,27,22,2,2,0.0740740740740741,17,After four-type whitelist,FALSE,,30,"Entire rental unit, condo, serviced apartment or loft","Established history, price AUD30-1500, non-benchmark hosts; n>=50 recomputed by stage"
Wyndham,Other entire-home types,3,28,26,2,7,0.0714285714285714,14,After four-type whitelist,FALSE,,30,Every other entire-home property type,"Established history, price AUD30-1500, non-benchmark hosts; n>=50 recomputed by stage"
Glen Eira,Other entire-home types,3,15,14,1,6,0.0666666666666667,11.5,After four-type whitelist,FALSE,,30,Every other entire-home property type,"Established history, price AUD30-1500, non-benchmark hosts; n>=50 recomputed by stage"
Darebin,Other entire-home types,2,16,14,1,3,0.0625,8.5,After four-type whitelist,FALSE,,30,Every other entire-home property type,"Established history, price AUD30-1500, non-benchmark hosts; n>=50 recomputed by stage"
Whitehorse,Other entire-home types,3,16,16,1,3,0.0625,20,After four-type whitelist,FALSE,,30,Every other entire-home property type,"Established history, price AUD30-1500, non-benchmark hosts; n>=50 recomputed by stage"
Bayside,Apartment-like,2,17,16,1,1,0.0588235294117647,16,After four-type whitelist,FALSE,,30,"Entire rental unit, condo, serviced apartment or loft","Established history, price AUD30-1500, non-benchmark hosts; n>=50 recomputed by stage"
Brimbank,Other entire-home types,3,17,12,1,4,0.0588235294117647,16,After four-type whitelist,FALSE,,30,Every other entire-home property type,"Established history, price AUD30-1500, non-benchmark hosts; n>=50 recomputed by stage"
Hobsons Bay,Other entire-home types,3,17,16,1,5,0.0588235294117647,12,After four-type whitelist,FALSE,,30,Every other entire-home property type,"Established history, price AUD30-1500, non-benchmark hosts; n>=50 recomputed by stage"
Kingston,Apartment-like,2,18,17,1,1,0.0555555555555556,20.5,After four-type whitelist,FALSE,,30,"Entire rental unit, condo, serviced apartment or loft","Established history, price AUD30-1500, non-benchmark hosts; n>=50 recomputed by stage"
Darebin,Other entire-home types,3,21,21,1,3,0.0476190476190476,15,After four-type whitelist,FALSE,,30,Every other entire-home property type,"Established history, price AUD30-1500, non-benchmark hosts; n>=50 recomputed by stage"
Stonnington,Other entire-home types,2,21,21,1,2,0.0476190476190476,23,After four-type whitelist,FALSE,,30,Every other entire-home property type,"Established history, price AUD30-1500, non-benchmark hosts; n>=50 recomputed by stage"
Monash,Other entire-home types,3,27,15,1,3,0.037037037037037,10.5,After four-type whitelist,FALSE,,30,Every other entire-home property type,"Established history, price AUD30-1500, non-benchmark hosts; n>=50 recomputed by stage"
Whitehorse,Apartment-like,2,36,25,1,3,0.0277777777777778,14.5,After four-type whitelist,FALSE,,30,"Entire rental unit, condo, serviced apartment or loft","Established history, price AUD30-1500, non-benchmark hosts; n>=50 recomputed by stage"
Banyule,Apartment-like,3,3,3,0,0,0,23,After four-type whitelist,FALSE,,30,"Entire rental unit, condo, serviced apartment or loft","Established history, price AUD30-1500, non-benchmark hosts; n>=50 recomputed by stage"
Banyule,Other entire-home types,1,2,2,0,0,0,11.5,After four-type whitelist,FALSE,,30,Every other entire-home property type,"Established history, price AUD30-1500, non-benchmark hosts; n>=50 recomputed by stage"
Banyule,Other entire-home types,2,9,9,0,0,0,20,After four-type whitelist,FALSE,,30,Every other entire-home property type,"Established history, price AUD30-1500, non-benchmark hosts; n>=50 recomputed by stage"
Banyule,Other entire-home types,3,9,9,0,1,0,6,After four-type whitelist,FALSE,,30,Every other entire-home property type,"Established history, price AUD30-1500, non-benchmark hosts; n>=50 recomputed by stage"
Bayside,Apartment-like,3,5,5,0,1,0,14,After four-type whitelist,FALSE,,30,"Entire rental unit, condo, serviced apartment or loft","Established history, price AUD30-1500, non-benchmark hosts; n>=50 recomputed by stage"
Bayside,Other entire-home types,1,4,4,0,3,0,6.75,After four-type whitelist,FALSE,,30,Every other entire-home property type,"Established history, price AUD30-1500, non-benchmark hosts; n>=50 recomputed by stage"
Bayside,Other entire-home types,2,10,10,0,3,0,11.5,After four-type whitelist,FALSE,,30,Every other entire-home property type,"Established history, price AUD30-1500, non-benchmark hosts; n>=50 recomputed by stage"
Bayside,Other entire-home types,3,33,28,0,8,0,7,After four-type whitelist,FALSE,,30,Every other entire-home property type,"Established history, price AUD30-1500, non-benchmark hosts; n>=50 recomputed by stage"
Boroondara,Other entire-home types,1,5,5,0,2,0,14,After four-type whitelist,FALSE,,30,Every other entire-home property type,"Established history, price AUD30-1500, non-benchmark hosts; n>=50 recomputed by stage"
Brimbank,Apartment-like,3,2,2,0,0,0,15.25,After four-type whitelist,FALSE,,30,"Entire rental unit, condo, serviced apartment or loft","Established history, price AUD30-1500, non-benchmark hosts; n>=50 recomputed by stage"
Brimbank,Other entire-home types,2,9,7,0,2,0,7,After four-type whitelist,FALSE,,30,Every other entire-home property type,"Established history, price AUD30-1500, non-benchmark hosts; n>=50 recomputed by stage"
Cardinia,Apartment-like,1,2,2,0,0,0,22.75,After four-type whitelist,FALSE,,30,"Entire rental unit, condo, serviced apartment or loft","Established history, price AUD30-1500, non-benchmark hosts; n>=50 recomputed by stage"
Cardinia,Other entire-home types,1,1,1,0,0,0,18,After four-type whitelist,FALSE,,30,Every other entire-home property type,"Established history, price AUD30-1500, non-benchmark hosts; n>=50 recomputed by stage"
Casey,Apartment-like,1,2,1,0,0,0,9.25,After four-type whitelist,FALSE,,30,"Entire rental unit, condo, serviced apartment or loft","Established history, price AUD30-1500, non-benchmark hosts; n>=50 recomputed by stage"
Casey,Apartment-like,3,1,1,0,0,0,5,After four-type whitelist,FALSE,,30,"Entire rental unit, condo, serviced apartment or loft","Established history, price AUD30-1500, non-benchmark hosts; n>=50 recomputed by stage"
Casey,Other entire-home types,2,2,2,0,0,0,10.5,After four-type whitelist,FALSE,,30,Every other entire-home property type,"Established history, price AUD30-1500, non-benchmark hosts; n>=50 recomputed by stage"
Darebin,Apartment-like,2,17,16,0,3,0,17,After four-type whitelist,FALSE,,30,"Entire rental unit, condo, serviced apartment or loft","Established history, price AUD30-1500, non-benchmark hosts; n>=50 recomputed by stage"
Darebin,Other entire-home types,1,6,6,0,1,0,17.5,After four-type whitelist,FALSE,,30,Every other entire-home property type,"Established history, price AUD30-1500, non-benchmark hosts; n>=50 recomputed by stage"
Frankston,Apartment-like,2,6,6,0,1,0,14.5,After four-type whitelist,FALSE,,30,"Entire rental unit, condo, serviced apartment or loft","Established history, price AUD30-1500, non-benchmark hosts; n>=50 recomputed by stage"
Frankston,Apartment-like,3,2,2,0,0,0,8.75,After four-type whitelist,FALSE,,30,"Entire rental unit, condo, serviced apartment or loft","Established history, price AUD30-1500, non-benchmark hosts; n>=50 recomputed by stage"
Frankston,Other entire-home types,1,5,4,0,1,0,5,After four-type whitelist,FALSE,,30,Every other entire-home property type,"Established history, price AUD30-1500, non-benchmark hosts; n>=50 recomputed by stage"
Glen Eira,Apartment-like,3,3,3,0,1,0,2.5,After four-type whitelist,FALSE,,30,"Entire rental unit, condo, serviced apartment or loft","Established history, price AUD30-1500, non-benchmark hosts; n>=50 recomputed by stage"
Glen Eira,Other entire-home types,1,3,3,0,0,0,29,After four-type whitelist,FALSE,,30,Every other entire-home property type,"Established history, price AUD30-1500, non-benchmark hosts; n>=50 recomputed by stage"
Glen Eira,Other entire-home types,2,12,12,0,1,0,13.25,After four-type whitelist,FALSE,,30,Every other entire-home property type,"Established history, price AUD30-1500, non-benchmark hosts; n>=50 recomputed by stage"
Greater Dandenong,Apartment-like,1,1,1,0,0,0,14,After four-type whitelist,FALSE,,30,"Entire rental unit, condo, serviced apartment or loft","Established history, price AUD30-1500, non-benchmark hosts; n>=50 recomputed by stage"
Greater Dandenong,Apartment-like,2,2,2,0,0,0,4,After four-type whitelist,FALSE,,30,"Entire rental unit, condo, serviced apartment or loft","Established history, price AUD30-1500, non-benchmark hosts; n>=50 recomputed by stage"
Greater Dandenong,Other entire-home types,1,1,1,0,1,0,0,After four-type whitelist,FALSE,,30,Every other entire-home property type,"Established history, price AUD30-1500, non-benchmark hosts; n>=50 recomputed by stage"
Greater Dandenong,Other entire-home types,2,5,3,0,0,0,24,After four-type whitelist,FALSE,,30,Every other entire-home property type,"Established history, price AUD30-1500, non-benchmark hosts; n>=50 recomputed by stage"
Greater Dandenong,Other entire-home types,3,8,6,0,1,0,19,After four-type whitelist,FALSE,,30,Every other entire-home property type,"Established history, price AUD30-1500, non-benchmark hosts; n>=50 recomputed by stage"
Hobsons Bay,Apartment-like,3,2,1,0,0,0,15,After four-type whitelist,FALSE,,30,"Entire rental unit, condo, serviced apartment or loft","Established history, price AUD30-1500, non-benchmark hosts; n>=50 recomputed by stage"
Hume,Apartment-like,1,1,1,0,0,0,7,After four-type whitelist,FALSE,,30,"Entire rental unit, condo, serviced apartment or loft","Established history, price AUD30-1500, non-benchmark hosts; n>=50 recomputed by stage"
Hume,Apartment-like,2,1,1,0,0,0,9,After four-type whitelist,FALSE,,30,"Entire rental unit, condo, serviced apartment or loft","Established history, price AUD30-1500, non-benchmark hosts; n>=50 recomputed by stage"
Hume,Other entire-home types,1,2,2,0,1,0,2.25,After four-type whitelist,FALSE,,30,Every other entire-home property type,"Established history, price AUD30-1500, non-benchmark hosts; n>=50 recomputed by stage"
Knox,Apartment-like,1,2,2,0,0,0,5,After four-type whitelist,FALSE,,30,"Entire rental unit, condo, serviced apartment or loft","Established history, price AUD30-1500, non-benchmark hosts; n>=50 recomputed by stage"
Knox,Other entire-home types,2,3,3,0,0,0,17.5,After four-type whitelist,FALSE,,30,Every other entire-home property type,"Established history, price AUD30-1500, non-benchmark hosts; n>=50 recomputed by stage"
Knox,Other entire-home types,3,7,5,0,0,0,14.5,After four-type whitelist,FALSE,,30,Every other entire-home property type,"Established history, price AUD30-1500, non-benchmark hosts; n>=50 recomputed by stage"
Manningham,Apartment-like,3,1,1,0,0,0,22,After four-type whitelist,FALSE,,30,"Entire rental unit, condo, serviced apartment or loft","Established history, price AUD30-1500, non-benchmark hosts; n>=50 recomputed by stage"
Manningham,Other entire-home types,1,3,3,0,1,0,13.5,After four-type whitelist,FALSE,,30,Every other entire-home property type,"Established history, price AUD30-1500, non-benchmark hosts; n>=50 recomputed by stage"
Manningham,Other entire-home types,2,1,1,0,0,0,8,After four-type whitelist,FALSE,,30,Every other entire-home property type,"Established history, price AUD30-1500, non-benchmark hosts; n>=50 recomputed by stage"
Manningham,Other entire-home types,3,9,7,0,3,0,8,After four-type whitelist,FALSE,,30,Every other entire-home property type,"Established history, price AUD30-1500, non-benchmark hosts; n>=50 recomputed by stage"
Maribyrnong,Apartment-like,3,4,4,0,0,0,17.5,After four-type whitelist,FALSE,,30,"Entire rental unit, condo, serviced apartment or loft","Established history, price AUD30-1500, non-benchmark hosts; n>=50 recomputed by stage"
Maribyrnong,Other entire-home types,1,5,5,0,1,0,11,After four-type whitelist,FALSE,,30,Every other entire-home property type,"Established history, price AUD30-1500, non-benchmark hosts; n>=50 recomputed by stage"
Maroondah,Apartment-like,2,1,1,0,0,0,8,After four-type whitelist,FALSE,,30,"Entire rental unit, condo, serviced apartment or loft","Established history, price AUD30-1500, non-benchmark hosts; n>=50 recomputed by stage"
Maroondah,Other entire-home types,1,2,1,0,0,0,22.75,After four-type whitelist,FALSE,,30,Every other entire-home property type,"Established history, price AUD30-1500, non-benchmark hosts; n>=50 recomputed by stage"
Maroondah,Other entire-home types,3,11,10,0,1,0,18,After four-type whitelist,FALSE,,30,Every other entire-home property type,"Established history, price AUD30-1500, non-benchmark hosts; n>=50 recomputed by stage"
Melbourne,Other entire-home types,1,8,8,0,1,0,14.75,After four-type whitelist,FALSE,,30,Every other entire-home property type,"Established history, price AUD30-1500, non-benchmark hosts; n>=50 recomputed by stage"
Melton,Apartment-like,2,2,2,0,1,0,14.25,After four-type whitelist,FALSE,,30,"Entire rental unit, condo, serviced apartment or loft","Established history, price AUD30-1500, non-benchmark hosts; n>=50 recomputed by stage"
Melton,Apartment-like,3,1,1,0,0,0,8,After four-type whitelist,FALSE,,30,"Entire rental unit, condo, serviced apartment or loft","Established history, price AUD30-1500, non-benchmark hosts; n>=50 recomputed by stage"
Melton,Other entire-home types,2,2,2,0,0,0,22,After four-type whitelist,FALSE,,30,Every other entire-home property type,"Established history, price AUD30-1500, non-benchmark hosts; n>=50 recomputed by stage"
Melton,Other entire-home types,3,14,14,0,0,0,10.25,After four-type whitelist,FALSE,,30,Every other entire-home property type,"Established history, price AUD30-1500, non-benchmark hosts; n>=50 recomputed by stage"
Merri-bek,Apartment-like,3,3,2,0,0,0,13.5,After four-type whitelist,FALSE,,30,"Entire rental unit, condo, serviced apartment or loft","Established history, price AUD30-1500, non-benchmark hosts; n>=50 recomputed by stage"
Monash,Apartment-like,1,11,10,0,2,0,10,After four-type whitelist,FALSE,,30,"Entire rental unit, condo, serviced apartment or loft","Established history, price AUD30-1500, non-benchmark hosts; n>=50 recomputed by stage"
Monash,Apartment-like,3,2,2,0,0,0,8.75,After four-type whitelist,FALSE,,30,"Entire rental unit, condo, serviced apartment or loft","Established history, price AUD30-1500, non-benchmark hosts; n>=50 recomputed by stage"
Moonee Valley,Apartment-like,3,3,3,0,0,0,19,After four-type whitelist,FALSE,,30,"Entire rental unit, condo, serviced apartment or loft","Established history, price AUD30-1500, non-benchmark hosts; n>=50 recomputed by stage"
Moonee Valley,Other entire-home types,1,1,1,0,0,0,4,After four-type whitelist,FALSE,,30,Every other entire-home property type,"Established history, price AUD30-1500, non-benchmark hosts; n>=50 recomputed by stage"
Moonee Valley,Other entire-home types,2,12,12,0,1,0,13.5,After four-type whitelist,FALSE,,30,Every other entire-home property type,"Established history, price AUD30-1500, non-benchmark hosts; n>=50 recomputed by stage"
Stonnington,Other entire-home types,1,2,2,0,0,0,10.75,After four-type whitelist,FALSE,,30,Every other entire-home property type,"Established history, price AUD30-1500, non-benchmark hosts; n>=50 recomputed by stage"
Whitehorse,Apartment-like,3,6,6,0,1,0,17.75,After four-type whitelist,FALSE,,30,"Entire rental unit, condo, serviced apartment or loft","Established history, price AUD30-1500, non-benchmark hosts; n>=50 recomputed by stage"
Whitehorse,Other entire-home types,1,9,7,0,1,0,8,After four-type whitelist,FALSE,,30,Every other entire-home property type,"Established history, price AUD30-1500, non-benchmark hosts; n>=50 recomputed by stage"
Whitehorse,Other entire-home types,2,5,5,0,1,0,7,After four-type whitelist,FALSE,,30,Every other entire-home property type,"Established history, price AUD30-1500, non-benchmark hosts; n>=50 recomputed by stage"
Whittlesea,Apartment-like,1,2,2,0,0,0,10.75,After four-type whitelist,FALSE,,30,"Entire rental unit, condo, serviced apartment or loft","Established history, price AUD30-1500, non-benchmark hosts; n>=50 recomputed by stage"
Whittlesea,Apartment-like,2,2,2,0,0,0,17,After four-type whitelist,FALSE,,30,"Entire rental unit, condo, serviced apartment or loft","Established history, price AUD30-1500, non-benchmark hosts; n>=50 recomputed by stage"
Whittlesea,Other entire-home types,2,5,5,0,0,0,28,After four-type whitelist,FALSE,,30,Every other entire-home property type,"Established history, price AUD30-1500, non-benchmark hosts; n>=50 recomputed by stage"
Whittlesea,Other entire-home types,3,9,8,0,1,0,5,After four-type whitelist,FALSE,,30,Every other entire-home property type,"Established history, price AUD30-1500, non-benchmark hosts; n>=50 recomputed by stage"
Wyndham,Apartment-like,1,2,2,0,0,0,14.25,After four-type whitelist,FALSE,,30,"Entire rental unit, condo, serviced apartment or loft","Established history, price AUD30-1500, non-benchmark hosts; n>=50 recomputed by stage"
Wyndham,Apartment-like,2,4,4,0,1,0,17.75,After four-type whitelist,FALSE,,30,"Entire rental unit, condo, serviced apartment or loft","Established history, price AUD30-1500, non-benchmark hosts; n>=50 recomputed by stage"
Wyndham,Other entire-home types,1,2,2,0,0,0,14.75,After four-type whitelist,FALSE,,30,Every other entire-home property type,"Established history, price AUD30-1500, non-benchmark hosts; n>=50 recomputed by stage"
Manningham,Apartment-like,1,1,1,1,0,1,55,Before four-type whitelist,FALSE,,30,"Entire rental unit, condo, serviced apartment or loft","Established history, price AUD30-1500, non-benchmark hosts; n>=50 recomputed by stage"
Casey,Other entire-home types,1,9,8,6,0,0.666666666666667,47,Before four-type whitelist,FALSE,,30,Every other entire-home property type,"Established history, price AUD30-1500, non-benchmark hosts; n>=50 recomputed by stage"
Darebin,Apartment-like,3,5,3,3,0,0.6,34,Before four-type whitelist,FALSE,,30,"Entire rental unit, condo, serviced apartment or loft","Established history, price AUD30-1500, non-benchmark hosts; n>=50 recomputed by stage"
Maroondah,Apartment-like,1,2,2,1,0,0.5,38.75,Before four-type whitelist,FALSE,,30,"Entire rental unit, condo, serviced apartment or loft","Established history, price AUD30-1500, non-benchmark hosts; n>=50 recomputed by stage"
Yarra Ranges,Apartment-like,3,2,2,1,1,0.5,43.5,Before four-type whitelist,FALSE,,30,"Entire rental unit, condo, serviced apartment or loft","Established history, price AUD30-1500, non-benchmark hosts; n>=50 recomputed by stage"
Yarra,Other entire-home types,1,35,32,16,3,0.457142857142857,44,Before four-type whitelist,FALSE,,30,Every other entire-home property type,"Established history, price AUD30-1500, non-benchmark hosts; n>=50 recomputed by stage"
Nillumbik,Other entire-home types,2,11,9,5,0,0.454545454545455,40,Before four-type whitelist,FALSE,,30,Every other entire-home property type,"Established history, price AUD30-1500, non-benchmark hosts; n>=50 recomputed by stage"
Moonee Valley,Other entire-home types,1,7,7,3,0,0.428571428571429,32,Before four-type whitelist,FALSE,,30,Every other entire-home property type,"Established history, price AUD30-1500, non-benchmark hosts; n>=50 recomputed by stage"
Merri-bek,Other entire-home types,1,23,23,9,0,0.391304347826087,40.5,Before four-type whitelist,FALSE,,30,Every other entire-home property type,"Established history, price AUD30-1500, non-benchmark hosts; n>=50 recomputed by stage"
Brimbank,Other entire-home types,1,8,6,3,0,0.375,35.5,Before four-type whitelist,FALSE,,30,Every other entire-home property type,"Established history, price AUD30-1500, non-benchmark hosts; n>=50 recomputed by stage"
Melbourne,Apartment-like,3,315,145,113,14,0.358730158730159,34.5,Before four-type whitelist,TRUE,1,30,"Entire rental unit, condo, serviced apartment or loft","Established history, price AUD30-1500, non-benchmark hosts; n>=50 recomputed by stage"
Cardinia,Apartment-like,2,3,3,1,0,0.333333333333333,34,Before four-type whitelist,FALSE,,30,"Entire rental unit, condo, serviced apartment or loft","Established history, price AUD30-1500, non-benchmark hosts; n>=50 recomputed by stage"
Casey,Other entire-home types,2,3,3,1,0,0.333333333333333,21,Before four-type whitelist,FALSE,,30,Every other entire-home property type,"Established history, price AUD30-1500, non-benchmark hosts; n>=50 recomputed by stage"
Port Phillip,Other entire-home types,1,24,24,8,2,0.333333333333333,34.25,Before four-type whitelist,FALSE,,30,Every other entire-home property type,"Established history, price AUD30-1500, non-benchmark hosts; n>=50 recomputed by stage"
Yarra Ranges,Other entire-home types,1,201,147,65,14,0.323383084577114,37,Before four-type whitelist,TRUE,2,30,Every other entire-home property type,"Established history, price AUD30-1500, non-benchmark hosts; n>=50 recomputed by stage"
Melbourne,Apartment-like,2,1280,508,409,126,0.31953125,36,Before four-type whitelist,TRUE,3,30,"Entire rental unit, condo, serviced apartment or loft","Established history, price AUD30-1500, non-benchmark hosts; n>=50 recomputed by stage"
Nillumbik,Other entire-home types,1,20,19,6,1,0.3,47.25,Before four-type whitelist,FALSE,,30,Every other entire-home property type,"Established history, price AUD30-1500, non-benchmark hosts; n>=50 recomputed by stage"
Brimbank,Apartment-like,1,7,5,2,0,0.285714285714286,22,Before four-type whitelist,FALSE,,30,"Entire rental unit, condo, serviced apartment or loft","Established history, price AUD30-1500, non-benchmark hosts; n>=50 recomputed by stage"
Manningham,Other entire-home types,1,7,7,2,1,0.285714285714286,28.5,Before four-type whitelist,FALSE,,30,Every other entire-home property type,"Established history, price AUD30-1500, non-benchmark hosts; n>=50 recomputed by stage"
Yarra Ranges,Other entire-home types,3,113,95,31,4,0.274336283185841,30,Before four-type whitelist,TRUE,4,30,Every other entire-home property type,"Established history, price AUD30-1500, non-benchmark hosts; n>=50 recomputed by stage"
Maroondah,Other entire-home types,1,11,8,3,0,0.272727272727273,31.5,Before four-type whitelist,FALSE,,30,Every other entire-home property type,"Established history, price AUD30-1500, non-benchmark hosts; n>=50 recomputed by stage"
Whittlesea,Other entire-home types,2,11,8,3,0,0.272727272727273,30.5,Before four-type whitelist,FALSE,,30,Every other entire-home property type,"Established history, price AUD30-1500, non-benchmark hosts; n>=50 recomputed by stage"
Hume,Other entire-home types,2,15,11,4,0,0.266666666666667,31,Before four-type whitelist,FALSE,,30,Every other entire-home property type,"Established history, price AUD30-1500, non-benchmark hosts; n>=50 recomputed by stage"
Brimbank,Apartment-like,2,4,2,1,1,0.25,19.25,Before four-type whitelist,FALSE,,30,"Entire rental unit, condo, serviced apartment or loft","Established history, price AUD30-1500, non-benchmark hosts; n>=50 recomputed by stage"
Darebin,Other entire-home types,1,24,23,6,1,0.25,26.25,Before four-type whitelist,FALSE,,30,Every other entire-home property type,"Established history, price AUD30-1500, non-benchmark hosts; n>=50 recomputed by stage"
Hume,Other entire-home types,1,8,8,2,1,0.25,33,Before four-type whitelist,FALSE,,30,Every other entire-home property type,"Established history, price AUD30-1500, non-benchmark hosts; n>=50 recomputed by stage"
Melton,Apartment-like,1,4,2,1,1,0.25,12,Before four-type whitelist,FALSE,,30,"Entire rental unit, condo, serviced apartment or loft","Established history, price AUD30-1500, non-benchmark hosts; n>=50 recomputed by stage"
Melton,Other entire-home types,1,8,5,2,3,0.25,23.5,Before four-type whitelist,FALSE,,30,Every other entire-home property type,"Established history, price AUD30-1500, non-benchmark hosts; n>=50 recomputed by stage"
Melbourne,Apartment-like,1,1003,467,249,89,0.248255234297109,29,Before four-type whitelist,TRUE,5,30,"Entire rental unit, condo, serviced apartment or loft","Established history, price AUD30-1500, non-benchmark hosts; n>=50 recomputed by stage"
Maribyrnong,Apartment-like,2,33,29,8,4,0.242424242424242,27,Before four-type whitelist,FALSE,,30,"Entire rental unit, condo, serviced apartment or loft","Established history, price AUD30-1500, non-benchmark hosts; n>=50 recomputed by stage"
Melbourne,Other entire-home types,2,17,17,4,3,0.235294117647059,28,Before four-type whitelist,FALSE,,30,Every other entire-home property type,"Established history, price AUD30-1500, non-benchmark hosts; n>=50 recomputed by stage"
Hobsons Bay,Other entire-home types,1,13,13,3,2,0.230769230769231,27,Before four-type whitelist,FALSE,,30,Every other entire-home property type,"Established history, price AUD30-1500, non-benchmark hosts; n>=50 recomputed by stage"
Kingston,Other entire-home types,1,13,13,3,0,0.230769230769231,26,Before four-type whitelist,FALSE,,30,Every other entire-home property type,"Established history, price AUD30-1500, non-benchmark hosts; n>=50 recomputed by stage"
Yarra,Apartment-like,1,192,146,44,14,0.229166666666667,28.25,Before four-type whitelist,TRUE,6,30,"Entire rental unit, condo, serviced apartment or loft","Established history, price AUD30-1500, non-benchmark hosts; n>=50 recomputed by stage"
Yarra,Other entire-home types,2,62,59,14,7,0.225806451612903,27.75,Before four-type whitelist,TRUE,7,30,Every other entire-home property type,"Established history, price AUD30-1500, non-benchmark hosts; n>=50 recomputed by stage"
Stonnington,Apartment-like,3,9,8,2,0,0.222222222222222,15,Before four-type whitelist,FALSE,,30,"Entire rental unit, condo, serviced apartment or loft","Established history, price AUD30-1500, non-benchmark hosts; n>=50 recomputed by stage"
Knox,Other entire-home types,1,14,13,3,2,0.214285714285714,24.75,Before four-type whitelist,FALSE,,30,Every other entire-home property type,"Established history, price AUD30-1500, non-benchmark hosts; n>=50 recomputed by stage"
Hume,Other entire-home types,3,19,18,4,0,0.210526315789474,27.5,Before four-type whitelist,FALSE,,30,Every other entire-home property type,"Established history, price AUD30-1500, non-benchmark hosts; n>=50 recomputed by stage"
Merri-bek,Apartment-like,1,58,51,12,5,0.206896551724138,24.75,Before four-type whitelist,TRUE,8,30,"Entire rental unit, condo, serviced apartment or loft","Established history, price AUD30-1500, non-benchmark hosts; n>=50 recomputed by stage"
Yarra Ranges,Apartment-like,1,34,20,7,4,0.205882352941176,23.5,Before four-type whitelist,FALSE,,30,"Entire rental unit, condo, serviced apartment or loft","Established history, price AUD30-1500, non-benchmark hosts; n>=50 recomputed by stage"
Boroondara,Apartment-like,3,5,5,1,1,0.2,21,Before four-type whitelist,FALSE,,30,"Entire rental unit, condo, serviced apartment or loft","Established history, price AUD30-1500, non-benchmark hosts; n>=50 recomputed by stage"
Manningham,Other entire-home types,2,5,5,1,0,0.2,29,Before four-type whitelist,FALSE,,30,Every other entire-home property type,"Established history, price AUD30-1500, non-benchmark hosts; n>=50 recomputed by stage"
Yarra Ranges,Other entire-home types,2,105,86,21,7,0.2,24,Before four-type whitelist,TRUE,9,30,Every other entire-home property type,"Established history, price AUD30-1500, non-benchmark hosts; n>=50 recomputed by stage"
Yarra,Other entire-home types,3,41,36,8,6,0.195121951219512,24,Before four-type whitelist,FALSE,,30,Every other entire-home property type,"Established history, price AUD30-1500, non-benchmark hosts; n>=50 recomputed by stage"
Merri-bek,Apartment-like,2,36,33,7,3,0.194444444444444,27.25,Before four-type whitelist,FALSE,,30,"Entire rental unit, condo, serviced apartment or loft","Established history, price AUD30-1500, non-benchmark hosts; n>=50 recomputed by stage"
Maribyrnong,Other entire-home types,1,11,10,2,1,0.181818181818182,25,Before four-type whitelist,FALSE,,30,Every other entire-home property type,"Established history, price AUD30-1500, non-benchmark hosts; n>=50 recomputed by stage"
Yarra,Apartment-like,3,22,19,4,1,0.181818181818182,23.75,Before four-type whitelist,FALSE,,30,"Entire rental unit, condo, serviced apartment or loft","Established history, price AUD30-1500, non-benchmark hosts; n>=50 recomputed by stage"
Port Phillip,Apartment-like,2,231,180,39,25,0.168831168831169,23,Before four-type whitelist,TRUE,10,30,"Entire rental unit, condo, serviced apartment or loft","Established history, price AUD30-1500, non-benchmark hosts; n>=50 recomputed by stage"
Frankston,Other entire-home types,2,18,17,3,2,0.166666666666667,23.75,Before four-type whitelist,FALSE,,30,Every other entire-home property type,"Established history, price AUD30-1500, non-benchmark hosts; n>=50 recomputed by stage"
Greater Dandenong,Other entire-home types,2,6,4,1,0,0.166666666666667,26.25,Before four-type whitelist,FALSE,,30,Every other entire-home property type,"Established history, price AUD30-1500, non-benchmark hosts; n>=50 recomputed by stage"
Hobsons Bay,Other entire-home types,2,12,11,2,0,0.166666666666667,28.25,Before four-type whitelist,FALSE,,30,Every other entire-home property type,"Established history, price AUD30-1500, non-benchmark hosts; n>=50 recomputed by stage"
Maroondah,Other entire-home types,2,12,10,2,1,0.166666666666667,25,Before four-type whitelist,FALSE,,30,Every other entire-home property type,"Established history, price AUD30-1500, non-benchmark hosts; n>=50 recomputed by stage"
Monash,Other entire-home types,2,12,11,2,1,0.166666666666667,20.25,Before four-type whitelist,FALSE,,30,Every other entire-home property type,"Established history, price AUD30-1500, non-benchmark hosts; n>=50 recomputed by stage"
Nillumbik,Other entire-home types,3,6,6,1,0,0.166666666666667,24.75,Before four-type whitelist,FALSE,,30,Every other entire-home property type,"Established history, price AUD30-1500, non-benchmark hosts; n>=50 recomputed by stage"
Stonnington,Other entire-home types,1,6,6,1,0,0.166666666666667,17,Before four-type whitelist,FALSE,,30,Every other entire-home property type,"Established history, price AUD30-1500, non-benchmark hosts; n>=50 recomputed by stage"
Wyndham,Other entire-home types,1,6,6,1,0,0.166666666666667,19.5,Before four-type whitelist,FALSE,,30,Every other entire-home property type,"Established history, price AUD30-1500, non-benchmark hosts; n>=50 recomputed by stage"
Wyndham,Other entire-home types,2,6,6,1,2,0.166666666666667,12.5,Before four-type whitelist,FALSE,,30,Every other entire-home property type,"Established history, price AUD30-1500, non-benchmark hosts; n>=50 recomputed by stage"
Merri-bek,Other entire-home types,2,37,33,6,7,0.162162162162162,25,Before four-type whitelist,FALSE,,30,Every other entire-home property type,"Established history, price AUD30-1500, non-benchmark hosts; n>=50 recomputed by stage"
Whitehorse,Other entire-home types,1,19,15,3,1,0.157894736842105,16.5,Before four-type whitelist,FALSE,,30,Every other entire-home property type,"Established history, price AUD30-1500, non-benchmark hosts; n>=50 recomputed by stage"
Yarra,Apartment-like,2,109,87,17,9,0.155963302752294,25,Before four-type whitelist,TRUE,11,30,"Entire rental unit, condo, serviced apartment or loft","Established history, price AUD30-1500, non-benchmark hosts; n>=50 recomputed by stage"
Melbourne,Other entire-home types,3,13,13,2,1,0.153846153846154,19,Before four-type whitelist,FALSE,,30,Every other entire-home property type,"Established history, price AUD30-1500, non-benchmark hosts; n>=50 recomputed by stage"
Stonnington,Apartment-like,1,194,135,28,17,0.144329896907216,20,Before four-type whitelist,TRUE,12,30,"Entire rental unit, condo, serviced apartment or loft","Established history, price AUD30-1500, non-benchmark hosts; n>=50 recomputed by stage"
Cardinia,Other entire-home types,2,14,13,2,1,0.142857142857143,24.75,Before four-type whitelist,FALSE,,30,Every other entire-home property type,"Established history, price AUD30-1500, non-benchmark hosts; n>=50 recomputed by stage"
Cardinia,Other entire-home types,3,14,14,2,1,0.142857142857143,20.5,Before four-type whitelist,FALSE,,30,Every other entire-home property type,"Established history, price AUD30-1500, non-benchmark hosts; n>=50 recomputed by stage"
Darebin,Apartment-like,1,28,24,4,9,0.142857142857143,19.25,Before four-type whitelist,FALSE,,30,"Entire rental unit, condo, serviced apartment or loft","Established history, price AUD30-1500, non-benchmark hosts; n>=50 recomputed by stage"
Yarra Ranges,Apartment-like,2,14,12,2,2,0.142857142857143,20.5,Before four-type whitelist,FALSE,,30,"Entire rental unit, condo, serviced apartment or loft","Established history, price AUD30-1500, non-benchmark hosts; n>=50 recomputed by stage"
Port Phillip,Other entire-home types,3,58,45,8,8,0.137931034482759,18,Before four-type whitelist,TRUE,13,30,Every other entire-home property type,"Established history, price AUD30-1500, non-benchmark hosts; n>=50 recomputed by stage"
Whitehorse,Apartment-like,1,22,13,3,5,0.136363636363636,11.75,Before four-type whitelist,FALSE,,30,"Entire rental unit, condo, serviced apartment or loft","Established history, price AUD30-1500, non-benchmark hosts; n>=50 recomputed by stage"
Kingston,Apartment-like,1,15,14,2,2,0.133333333333333,23.5,Before four-type whitelist,FALSE,,30,"Entire rental unit, condo, serviced apartment or loft","Established history, price AUD30-1500, non-benchmark hosts; n>=50 recomputed by stage"
Kingston,Other entire-home types,3,23,20,3,6,0.130434782608696,22,Before four-type whitelist,FALSE,,30,Every other entire-home property type,"Established history, price AUD30-1500, non-benchmark hosts; n>=50 recomputed by stage"
Maribyrnong,Other entire-home types,2,31,28,4,4,0.129032258064516,18.5,Before four-type whitelist,FALSE,,30,Every other entire-home property type,"Established history, price AUD30-1500, non-benchmark hosts; n>=50 recomputed by stage"
Port Phillip,Apartment-like,3,31,27,4,2,0.129032258064516,21,Before four-type whitelist,FALSE,,30,"Entire rental unit, condo, serviced apartment or loft","Established history, price AUD30-1500, non-benchmark hosts; n>=50 recomputed by stage"
Banyule,Apartment-like,1,8,6,1,0,0.125,15.75,Before four-type whitelist,FALSE,,30,"Entire rental unit, condo, serviced apartment or loft","Established history, price AUD30-1500, non-benchmark hosts; n>=50 recomputed by stage"
Boroondara,Apartment-like,1,32,24,4,3,0.125,18,Before four-type whitelist,FALSE,,30,"Entire rental unit, condo, serviced apartment or loft","Established history, price AUD30-1500, non-benchmark hosts; n>=50 recomputed by stage"
Boroondara,Other entire-home types,2,16,15,2,1,0.125,23.75,Before four-type whitelist,FALSE,,30,Every other entire-home property type,"Established history, price AUD30-1500, non-benchmark hosts; n>=50 recomputed by stage"
Maribyrnong,Apartment-like,1,24,21,3,2,0.125,20.5,Before four-type whitelist,FALSE,,30,"Entire rental unit, condo, serviced apartment or loft","Established history, price AUD30-1500, non-benchmark hosts; n>=50 recomputed by stage"
Moonee Valley,Apartment-like,2,24,24,3,2,0.125,24,Before four-type whitelist,FALSE,,30,"Entire rental unit, condo, serviced apartment or loft","Established history, price AUD30-1500, non-benchmark hosts; n>=50 recomputed by stage"
Merri-bek,Other entire-home types,3,25,23,3,3,0.12,21,Before four-type whitelist,FALSE,,30,Every other entire-home property type,"Established history, price AUD30-1500, non-benchmark hosts; n>=50 recomputed by stage"
Port Phillip,Other entire-home types,2,50,49,6,12,0.12,13.5,Before four-type whitelist,TRUE,14,30,Every other entire-home property type,"Established history, price AUD30-1500, non-benchmark hosts; n>=50 recomputed by stage"
Port Phillip,Apartment-like,1,327,260,39,50,0.119266055045872,19.5,Before four-type whitelist,TRUE,15,30,"Entire rental unit, condo, serviced apartment or loft","Established history, price AUD30-1500, non-benchmark hosts; n>=50 recomputed by stage"
Bayside,Other entire-home types,1,17,17,2,3,0.117647058823529,23,Before four-type whitelist,FALSE,,30,Every other entire-home property type,"Established history, price AUD30-1500, non-benchmark hosts; n>=50 recomputed by stage"
Moonee Valley,Apartment-like,1,17,17,2,4,0.117647058823529,17,Before four-type whitelist,FALSE,,30,"Entire rental unit, condo, serviced apartment or loft","Established history, price AUD30-1500, non-benchmark hosts; n>=50 recomputed by stage"
Banyule,Other entire-home types,1,9,9,1,0,0.111111111111111,16,Before four-type whitelist,FALSE,,30,Every other entire-home property type,"Established history, price AUD30-1500, non-benchmark hosts; n>=50 recomputed by stage"
Boroondara,Other entire-home types,3,18,17,2,2,0.111111111111111,22,Before four-type whitelist,FALSE,,30,Every other entire-home property type,"Established history, price AUD30-1500, non-benchmark hosts; n>=50 recomputed by stage"
Monash,Apartment-like,2,36,30,4,2,0.111111111111111,20.25,Before four-type whitelist,FALSE,,30,"Entire rental unit, condo, serviced apartment or loft","Established history, price AUD30-1500, non-benchmark hosts; n>=50 recomputed by stage"
Stonnington,Other entire-home types,3,36,33,4,4,0.111111111111111,18.25,Before four-type whitelist,FALSE,,30,Every other entire-home property type,"Established history, price AUD30-1500, non-benchmark hosts; n>=50 recomputed by stage"
Casey,Other entire-home types,3,19,16,2,1,0.105263157894737,16.5,Before four-type whitelist,FALSE,,30,Every other entire-home property type,"Established history, price AUD30-1500, non-benchmark hosts; n>=50 recomputed by stage"
Frankston,Other entire-home types,3,19,19,2,1,0.105263157894737,12,Before four-type whitelist,FALSE,,30,Every other entire-home property type,"Established history, price AUD30-1500, non-benchmark hosts; n>=50 recomputed by stage"
Moonee Valley,Other entire-home types,3,19,18,2,3,0.105263157894737,12,Before four-type whitelist,FALSE,,30,Every other entire-home property type,"Established history, price AUD30-1500, non-benchmark hosts; n>=50 recomputed by stage"
Whitehorse,Other entire-home types,3,19,19,2,3,0.105263157894737,20,Before four-type whitelist,FALSE,,30,Every other entire-home property type,"Established history, price AUD30-1500, non-benchmark hosts; n>=50 recomputed by stage"
Banyule,Apartment-like,2,10,9,1,1,0.1,23,Before four-type whitelist,FALSE,,30,"Entire rental unit, condo, serviced apartment or loft","Established history, price AUD30-1500, non-benchmark hosts; n>=50 recomputed by stage"
Cardinia,Other entire-home types,1,20,19,2,4,0.1,18.5,Before four-type whitelist,FALSE,,30,Every other entire-home property type,"Established history, price AUD30-1500, non-benchmark hosts; n>=50 recomputed by stage"
Darebin,Other entire-home types,2,20,17,2,3,0.1,13,Before four-type whitelist,FALSE,,30,Every other entire-home property type,"Established history, price AUD30-1500, non-benchmark hosts; n>=50 recomputed by stage"
Kingston,Other entire-home types,2,20,15,2,1,0.1,12.5,Before four-type whitelist,FALSE,,30,Every other entire-home property type,"Established history, price AUD30-1500, non-benchmark hosts; n>=50 recomputed by stage"
Manningham,Apartment-like,2,10,9,1,0,0.1,15.75,Before four-type whitelist,FALSE,,30,"Entire rental unit, condo, serviced apartment or loft","Established history, price AUD30-1500, non-benchmark hosts; n>=50 recomputed by stage"
Maribyrnong,Other entire-home types,3,31,19,3,4,0.0967741935483871,22,Before four-type whitelist,FALSE,,30,Every other entire-home property type,"Established history, price AUD30-1500, non-benchmark hosts; n>=50 recomputed by stage"
Glen Eira,Apartment-like,2,42,27,4,1,0.0952380952380952,17.25,Before four-type whitelist,FALSE,,30,"Entire rental unit, condo, serviced apartment or loft","Established history, price AUD30-1500, non-benchmark hosts; n>=50 recomputed by stage"
Boroondara,Apartment-like,2,33,31,3,4,0.0909090909090909,22,Before four-type whitelist,FALSE,,30,"Entire rental unit, condo, serviced apartment or loft","Established history, price AUD30-1500, non-benchmark hosts; n>=50 recomputed by stage"
Frankston,Apartment-like,1,11,8,1,2,0.0909090909090909,19.5,Before four-type whitelist,FALSE,,30,"Entire rental unit, condo, serviced apartment or loft","Established history, price AUD30-1500, non-benchmark hosts; n>=50 recomputed by stage"
Glen Eira,Apartment-like,1,22,21,2,2,0.0909090909090909,11,Before four-type whitelist,FALSE,,30,"Entire rental unit, condo, serviced apartment or loft","Established history, price AUD30-1500, non-benchmark hosts; n>=50 recomputed by stage"
Hobsons Bay,Apartment-like,1,23,13,2,5,0.0869565217391304,17,Before four-type whitelist,FALSE,,30,"Entire rental unit, condo, serviced apartment or loft","Established history, price AUD30-1500, non-benchmark hosts; n>=50 recomputed by stage"
Stonnington,Other entire-home types,2,23,23,2,2,0.0869565217391304,24,Before four-type whitelist,FALSE,,30,Every other entire-home property type,"Established history, price AUD30-1500, non-benchmark hosts; n>=50 recomputed by stage"
Monash,Apartment-like,1,12,11,1,2,0.0833333333333333,10.25,Before four-type whitelist,FALSE,,30,"Entire rental unit, condo, serviced apartment or loft","Established history, price AUD30-1500, non-benchmark hosts; n>=50 recomputed by stage"
Stonnington,Apartment-like,2,100,79,8,19,0.08,17,Before four-type whitelist,TRUE,16,30,"Entire rental unit, condo, serviced apartment or loft","Established history, price AUD30-1500, non-benchmark hosts; n>=50 recomputed by stage"
Bayside,Apartment-like,1,26,22,2,3,0.0769230769230769,13,Before four-type whitelist,FALSE,,30,"Entire rental unit, condo, serviced apartment or loft","Established history, price AUD30-1500, non-benchmark hosts; n>=50 recomputed by stage"
Glen Eira,Other entire-home types,1,13,13,1,0,0.0769230769230769,28,Before four-type whitelist,FALSE,,30,Every other entire-home property type,"Established history, price AUD30-1500, non-benchmark hosts; n>=50 recomputed by stage"
Frankston,Other entire-home types,1,27,20,2,2,0.0740740740740741,24.5,Before four-type whitelist,FALSE,,30,Every other entire-home property type,"Established history, price AUD30-1500, non-benchmark hosts; n>=50 recomputed by stage"
Wyndham,Other entire-home types,3,29,27,2,8,0.0689655172413793,14,Before four-type whitelist,FALSE,,30,Every other entire-home property type,"Established history, price AUD30-1500, non-benchmark hosts; n>=50 recomputed by stage"
Hobsons Bay,Apartment-like,2,15,11,1,2,0.0666666666666667,19,Before four-type whitelist,FALSE,,30,"Entire rental unit, condo, serviced apartment or loft","Established history, price AUD30-1500, non-benchmark hosts; n>=50 recomputed by stage"
Glen Eira,Other entire-home types,3,16,15,1,6,0.0625,10.75,Before four-type whitelist,FALSE,,30,Every other entire-home property type,"Established history, price AUD30-1500, non-benchmark hosts; n>=50 recomputed by stage"
Brimbank,Other entire-home types,3,17,12,1,4,0.0588235294117647,16,Before four-type whitelist,FALSE,,30,Every other entire-home property type,"Established history, price AUD30-1500, non-benchmark hosts; n>=50 recomputed by stage"
Hobsons Bay,Other entire-home types,3,18,17,1,5,0.0555555555555556,11.5,Before four-type whitelist,FALSE,,30,Every other entire-home property type,"Established history, price AUD30-1500, non-benchmark hosts; n>=50 recomputed by stage"
Kingston,Apartment-like,2,18,17,1,1,0.0555555555555556,20.5,Before four-type whitelist,FALSE,,30,"Entire rental unit, condo, serviced apartment or loft","Established history, price AUD30-1500, non-benchmark hosts; n>=50 recomputed by stage"
Bayside,Apartment-like,2,20,17,1,3,0.05,13.75,Before four-type whitelist,FALSE,,30,"Entire rental unit, condo, serviced apartment or loft","Established history, price AUD30-1500, non-benchmark hosts; n>=50 recomputed by stage"
Melbourne,Other entire-home types,1,20,15,1,4,0.05,14.25,Before four-type whitelist,FALSE,,30,Every other entire-home property type,"Established history, price AUD30-1500, non-benchmark hosts; n>=50 recomputed by stage"
Darebin,Other entire-home types,3,21,21,1,3,0.0476190476190476,15,Before four-type whitelist,FALSE,,30,Every other entire-home property type,"Established history, price AUD30-1500, non-benchmark hosts; n>=50 recomputed by stage"
Monash,Other entire-home types,3,27,15,1,3,0.037037037037037,10.5,Before four-type whitelist,FALSE,,30,Every other entire-home property type,"Established history, price AUD30-1500, non-benchmark hosts; n>=50 recomputed by stage"
Whitehorse,Apartment-like,2,37,26,1,3,0.027027027027027,14,Before four-type whitelist,FALSE,,30,"Entire rental unit, condo, serviced apartment or loft","Established history, price AUD30-1500, non-benchmark hosts; n>=50 recomputed by stage"
Banyule,Apartment-like,3,3,3,0,0,0,23,Before four-type whitelist,FALSE,,30,"Entire rental unit, condo, serviced apartment or loft","Established history, price AUD30-1500, non-benchmark hosts; n>=50 recomputed by stage"
Banyule,Other entire-home types,2,11,11,0,0,0,20,Before four-type whitelist,FALSE,,30,Every other entire-home property type,"Established history, price AUD30-1500, non-benchmark hosts; n>=50 recomputed by stage"
Banyule,Other entire-home types,3,9,9,0,1,0,6,Before four-type whitelist,FALSE,,30,Every other entire-home property type,"Established history, price AUD30-1500, non-benchmark hosts; n>=50 recomputed by stage"
Bayside,Apartment-like,3,6,5,0,1,0,11.5,Before four-type whitelist,FALSE,,30,"Entire rental unit, condo, serviced apartment or loft","Established history, price AUD30-1500, non-benchmark hosts; n>=50 recomputed by stage"
Bayside,Other entire-home types,2,12,12,0,3,0,12,Before four-type whitelist,FALSE,,30,Every other entire-home property type,"Established history, price AUD30-1500, non-benchmark hosts; n>=50 recomputed by stage"
Bayside,Other entire-home types,3,33,28,0,8,0,7,Before four-type whitelist,FALSE,,30,Every other entire-home property type,"Established history, price AUD30-1500, non-benchmark hosts; n>=50 recomputed by stage"
Boroondara,Other entire-home types,1,9,9,0,2,0,14,Before four-type whitelist,FALSE,,30,Every other entire-home property type,"Established history, price AUD30-1500, non-benchmark hosts; n>=50 recomputed by stage"
Brimbank,Apartment-like,3,2,2,0,0,0,15.25,Before four-type whitelist,FALSE,,30,"Entire rental unit, condo, serviced apartment or loft","Established history, price AUD30-1500, non-benchmark hosts; n>=50 recomputed by stage"
Brimbank,Other entire-home types,2,14,10,0,2,0,8.5,Before four-type whitelist,FALSE,,30,Every other entire-home property type,"Established history, price AUD30-1500, non-benchmark hosts; n>=50 recomputed by stage"
Cardinia,Apartment-like,1,2,2,0,0,0,22.75,Before four-type whitelist,FALSE,,30,"Entire rental unit, condo, serviced apartment or loft","Established history, price AUD30-1500, non-benchmark hosts; n>=50 recomputed by stage"
Casey,Apartment-like,1,2,1,0,0,0,9.25,Before four-type whitelist,FALSE,,30,"Entire rental unit, condo, serviced apartment or loft","Established history, price AUD30-1500, non-benchmark hosts; n>=50 recomputed by stage"
Casey,Apartment-like,3,1,1,0,0,0,5,Before four-type whitelist,FALSE,,30,"Entire rental unit, condo, serviced apartment or loft","Established history, price AUD30-1500, non-benchmark hosts; n>=50 recomputed by stage"
Darebin,Apartment-like,2,18,17,0,4,0,16.5,Before four-type whitelist,FALSE,,30,"Entire rental unit, condo, serviced apartment or loft","Established history, price AUD30-1500, non-benchmark hosts; n>=50 recomputed by stage"
Frankston,Apartment-like,2,7,7,0,2,0,14,Before four-type whitelist,FALSE,,30,"Entire rental unit, condo, serviced apartment or loft","Established history, price AUD30-1500, non-benchmark hosts; n>=50 recomputed by stage"
Frankston,Apartment-like,3,2,2,0,0,0,8.75,Before four-type whitelist,FALSE,,30,"Entire rental unit, condo, serviced apartment or loft","Established history, price AUD30-1500, non-benchmark hosts; n>=50 recomputed by stage"
Glen Eira,Apartment-like,3,3,3,0,1,0,2.5,Before four-type whitelist,FALSE,,30,"Entire rental unit, condo, serviced apartment or loft","Established history, price AUD30-1500, non-benchmark hosts; n>=50 recomputed by stage"
Glen Eira,Other entire-home types,2,14,14,0,2,0,13.75,Before four-type whitelist,FALSE,,30,Every other entire-home property type,"Established history, price AUD30-1500, non-benchmark hosts; n>=50 recomputed by stage"
Greater Dandenong,Apartment-like,1,2,2,0,0,0,13.25,Before four-type whitelist,FALSE,,30,"Entire rental unit, condo, serviced apartment or loft","Established history, price AUD30-1500, non-benchmark hosts; n>=50 recomputed by stage"
Greater Dandenong,Apartment-like,2,2,2,0,0,0,4,Before four-type whitelist,FALSE,,30,"Entire rental unit, condo, serviced apartment or loft","Established history, price AUD30-1500, non-benchmark hosts; n>=50 recomputed by stage"
Greater Dandenong,Other entire-home types,1,2,2,0,1,0,14.25,Before four-type whitelist,FALSE,,30,Every other entire-home property type,"Established history, price AUD30-1500, non-benchmark hosts; n>=50 recomputed by stage"
Greater Dandenong,Other entire-home types,3,9,7,0,1,0,18,Before four-type whitelist,FALSE,,30,Every other entire-home property type,"Established history, price AUD30-1500, non-benchmark hosts; n>=50 recomputed by stage"
Hobsons Bay,Apartment-like,3,3,2,0,0,0,12,Before four-type whitelist,FALSE,,30,"Entire rental unit, condo, serviced apartment or loft","Established history, price AUD30-1500, non-benchmark hosts; n>=50 recomputed by stage"
Hume,Apartment-like,1,1,1,0,0,0,7,Before four-type whitelist,FALSE,,30,"Entire rental unit, condo, serviced apartment or loft","Established history, price AUD30-1500, non-benchmark hosts; n>=50 recomputed by stage"
Hume,Apartment-like,2,1,1,0,0,0,9,Before four-type whitelist,FALSE,,30,"Entire rental unit, condo, serviced apartment or loft","Established history, price AUD30-1500, non-benchmark hosts; n>=50 recomputed by stage"
Knox,Apartment-like,1,2,2,0,0,0,5,Before four-type whitelist,FALSE,,30,"Entire rental unit, condo, serviced apartment or loft","Established history, price AUD30-1500, non-benchmark hosts; n>=50 recomputed by stage"
Knox,Other entire-home types,2,8,8,0,0,0,16,Before four-type whitelist,FALSE,,30,Every other entire-home property type,"Established history, price AUD30-1500, non-benchmark hosts; n>=50 recomputed by stage"
Knox,Other entire-home types,3,7,5,0,0,0,14.5,Before four-type whitelist,FALSE,,30,Every other entire-home property type,"Established history, price AUD30-1500, non-benchmark hosts; n>=50 recomputed by stage"
Manningham,Apartment-like,3,1,1,0,0,0,22,Before four-type whitelist,FALSE,,30,"Entire rental unit, condo, serviced apartment or loft","Established history, price AUD30-1500, non-benchmark hosts; n>=50 recomputed by stage"
Manningham,Other entire-home types,3,9,7,0,3,0,8,Before four-type whitelist,FALSE,,30,Every other entire-home property type,"Established history, price AUD30-1500, non-benchmark hosts; n>=50 recomputed by stage"
Maribyrnong,Apartment-like,3,4,4,0,0,0,17.5,Before four-type whitelist,FALSE,,30,"Entire rental unit, condo, serviced apartment or loft","Established history, price AUD30-1500, non-benchmark hosts; n>=50 recomputed by stage"
Maroondah,Apartment-like,2,1,1,0,0,0,8,Before four-type whitelist,FALSE,,30,"Entire rental unit, condo, serviced apartment or loft","Established history, price AUD30-1500, non-benchmark hosts; n>=50 recomputed by stage"
Maroondah,Other entire-home types,3,11,10,0,1,0,18,Before four-type whitelist,FALSE,,30,Every other entire-home property type,"Established history, price AUD30-1500, non-benchmark hosts; n>=50 recomputed by stage"
Melton,Apartment-like,2,2,2,0,1,0,14.25,Before four-type whitelist,FALSE,,30,"Entire rental unit, condo, serviced apartment or loft","Established history, price AUD30-1500, non-benchmark hosts; n>=50 recomputed by stage"
Melton,Apartment-like,3,1,1,0,0,0,8,Before four-type whitelist,FALSE,,30,"Entire rental unit, condo, serviced apartment or loft","Established history, price AUD30-1500, non-benchmark hosts; n>=50 recomputed by stage"
Melton,Other entire-home types,2,3,3,0,0,0,22.5,Before four-type whitelist,FALSE,,30,Every other entire-home property type,"Established history, price AUD30-1500, non-benchmark hosts; n>=50 recomputed by stage"
Melton,Other entire-home types,3,15,15,0,1,0,9.5,Before four-type whitelist,FALSE,,30,Every other entire-home property type,"Established history, price AUD30-1500, non-benchmark hosts; n>=50 recomputed by stage"
Merri-bek,Apartment-like,3,4,3,0,0,0,15.25,Before four-type whitelist,FALSE,,30,"Entire rental unit, condo, serviced apartment or loft","Established history, price AUD30-1500, non-benchmark hosts; n>=50 recomputed by stage"
Monash,Apartment-like,3,2,2,0,0,0,8.75,Before four-type whitelist,FALSE,,30,"Entire rental unit, condo, serviced apartment or loft","Established history, price AUD30-1500, non-benchmark hosts; n>=50 recomputed by stage"
Monash,Other entire-home types,1,8,8,0,0,0,18,Before four-type whitelist,FALSE,,30,Every other entire-home property type,"Established history, price AUD30-1500, non-benchmark hosts; n>=50 recomputed by stage"
Moonee Valley,Apartment-like,3,3,3,0,0,0,19,Before four-type whitelist,FALSE,,30,"Entire rental unit, condo, serviced apartment or loft","Established history, price AUD30-1500, non-benchmark hosts; n>=50 recomputed by stage"
Moonee Valley,Other entire-home types,2,15,15,0,1,0,14.5,Before four-type whitelist,FALSE,,30,Every other entire-home property type,"Established history, price AUD30-1500, non-benchmark hosts; n>=50 recomputed by stage"
Nillumbik,Apartment-like,1,6,1,0,5,0,0,Before four-type whitelist,FALSE,,30,"Entire rental unit, condo, serviced apartment or loft","Established history, price AUD30-1500, non-benchmark hosts; n>=50 recomputed by stage"
Whitehorse,Apartment-like,3,6,6,0,1,0,17.75,Before four-type whitelist,FALSE,,30,"Entire rental unit, condo, serviced apartment or loft","Established history, price AUD30-1500, non-benchmark hosts; n>=50 recomputed by stage"
Whitehorse,Other entire-home types,2,6,6,0,1,0,8.5,Before four-type whitelist,FALSE,,30,Every other entire-home property type,"Established history, price AUD30-1500, non-benchmark hosts; n>=50 recomputed by stage"
Whittlesea,Apartment-like,1,2,2,0,0,0,10.75,Before four-type whitelist,FALSE,,30,"Entire rental unit, condo, serviced apartment or loft","Established history, price AUD30-1500, non-benchmark hosts; n>=50 recomputed by stage"
Whittlesea,Apartment-like,2,2,2,0,0,0,17,Before four-type whitelist,FALSE,,30,"Entire rental unit, condo, serviced apartment or loft","Established history, price AUD30-1500, non-benchmark hosts; n>=50 recomputed by stage"
Whittlesea,Other entire-home types,1,5,4,0,0,0,10,Before four-type whitelist,FALSE,,30,Every other entire-home property type,"Established history, price AUD30-1500, non-benchmark hosts; n>=50 recomputed by stage"
Whittlesea,Other entire-home types,3,10,9,0,2,0,4.75,Before four-type whitelist,FALSE,,30,Every other entire-home property type,"Established history, price AUD30-1500, non-benchmark hosts; n>=50 recomputed by stage"
Wyndham,Apartment-like,1,2,2,0,0,0,14.25,Before four-type whitelist,FALSE,,30,"Entire rental unit, condo, serviced apartment or loft","Established history, price AUD30-1500, non-benchmark hosts; n>=50 recomputed by stage"
Wyndham,Apartment-like,2,4,4,0,1,0,17.75,Before four-type whitelist,FALSE,,30,"Entire rental unit, condo, serviced apartment or loft","Established history, price AUD30-1500, non-benchmark hosts; n>=50 recomputed by stage"
